<?xml version="1.0" encoding="UTF-8"?>
<GenRun Id="impl_1" LaunchPart="xc7z020clg400-1" LaunchTime="1747123770">
  <File Type="REPORTS-TCL" Name="motor_control_SPI_wrapper_reports.tcl"/>
  <File Type="ROUTE-PWR-SUM" Name="motor_control_SPI_wrapper_power_summary_routed.pb"/>
  <File Type="BITSTR-MMI" Name="motor_control_SPI_wrapper.mmi"/>
  <File Type="OPT-DRC" Name="motor_control_SPI_wrapper_drc_opted.rpt"/>
  <File Type="BG-DRC" Name="motor_control_SPI_wrapper.drc"/>
  <File Type="ROUTE-STATUS-PB" Name="motor_control_SPI_wrapper_route_status.pb"/>
  <File Type="BG-BGN" Name="motor_control_SPI_wrapper.bgn"/>
  <File Type="PLACE-UTIL" Name="motor_control_SPI_wrapper_utilization_placed.rpt"/>
  <File Type="PLACE-UTIL-PB" Name="motor_control_SPI_wrapper_utilization_placed.pb"/>
  <File Type="PLACE-IO" Name="motor_control_SPI_wrapper_io_placed.rpt"/>
  <File Type="BG-BIN" Name="motor_control_SPI_wrapper.bin"/>
  <File Type="PLACE-CTRL" Name="motor_control_SPI_wrapper_control_sets_placed.rpt"/>
  <File Type="ROUTE-PWR-RPX" Name="motor_control_SPI_wrapper_power_routed.rpx"/>
  <File Type="ROUTE-DCP" Name="motor_control_SPI_wrapper_routed.dcp"/>
  <File Type="BITSTR-MSK" Name="motor_control_SPI_wrapper.msk"/>
  <File Type="BITSTR-RBT" Name="motor_control_SPI_wrapper.rbt"/>
  <File Type="ROUTE-TIMINGSUMMARY" Name="motor_control_SPI_wrapper_timing_summary_routed.rpt"/>
  <File Type="ROUTE-TIMING-RPX" Name="motor_control_SPI_wrapper_timing_summary_routed.rpx"/>
  <File Type="ROUTE-STATUS" Name="motor_control_SPI_wrapper_route_status.rpt"/>
  <File Type="PA-TCL" Name="motor_control_SPI_wrapper.tcl"/>
  <File Type="ROUTE-PWR" Name="motor_control_SPI_wrapper_power_routed.rpt"/>
  <File Type="ROUTE-DRC" Name="motor_control_SPI_wrapper_drc_routed.rpt"/>
  <File Type="ROUTE-DRC-RPX" Name="motor_control_SPI_wrapper_drc_routed.rpx"/>
  <File Type="ROUTE-DRC-PB" Name="motor_control_SPI_wrapper_drc_routed.pb"/>
  <File Type="BITSTR-SYSDEF" Name="motor_control_SPI_wrapper.sysdef"/>
  <File Type="ROUTE-METHODOLOGY-DRC" Name="motor_control_SPI_wrapper_methodology_drc_routed.rpt"/>
  <File Type="ROUTE-METHODOLOGY-DRC-RPX" Name="motor_control_SPI_wrapper_methodology_drc_routed.rpx"/>
  <File Type="BITSTR-LTX" Name="debug_nets.ltx"/>
  <File Type="BITSTR-LTX" Name="motor_control_SPI_wrapper.ltx"/>
  <File Type="ROUTE-METHODOLOGY-DRC-PB" Name="motor_control_SPI_wrapper_methodology_drc_routed.pb"/>
  <File Type="ROUTE-SIMILARITY" Name="motor_control_SPI_wrapper_incremental_reuse_routed.rpt"/>
  <File Type="RDI-RDI" Name="motor_control_SPI_wrapper.vdi"/>
  <File Type="ROUTE-CLK" Name="motor_control_SPI_wrapper_clock_utilization_routed.rpt"/>
  <File Type="ROUTE-BUS-SKEW" Name="motor_control_SPI_wrapper_bus_skew_routed.rpt"/>
  <File Type="ROUTE-BUS-SKEW-RPX" Name="motor_control_SPI_wrapper_bus_skew_routed.rpx"/>
  <File Type="ROUTE-BUS-SKEW-PB" Name="motor_control_SPI_wrapper_bus_skew_routed.pb"/>
  <File Type="POSTROUTE-PHYSOPT-TIMING" Name="motor_control_SPI_wrapper_timing_summary_postroute_physopted.rpt"/>
  <File Type="POSTROUTE-PHYSOPT-TIMING-RPX" Name="motor_control_SPI_wrapper_timing_summary_postroute_physopted.rpx"/>
  <File Type="POSTROUTE-PHYSOPT-TIMING-PB" Name="motor_control_SPI_wrapper_timing_summary_postroute_physopted.pb"/>
  <File Type="POSTROUTE-PHYSOPT-BUS-SKEW" Name="motor_control_SPI_wrapper_bus_skew_postroute_physopted.rpt"/>
  <File Type="POSTROUTE-PHYSOPT-BUS-SKEW-RPX" Name="motor_control_SPI_wrapper_bus_skew_postroute_physopted.rpx"/>
  <File Type="BG-BIT" Name="motor_control_SPI_wrapper.bit"/>
  <File Type="POSTROUTE-PHYSOPT-BUS-SKEW-PB" Name="motor_control_SPI_wrapper_bus_skew_postroute_physopted.pb"/>
  <File Type="BITSTR-NKY" Name="motor_control_SPI_wrapper.nky"/>
  <File Type="BITSTR-BMM" Name="motor_control_SPI_wrapper_bd.bmm"/>
  <File Type="WBT-USG" Name="usage_statistics_webtalk.html"/>
  <File Type="OPT-HWDEF" Name="motor_control_SPI_wrapper.hwdef"/>
  <File Type="PLACE-PRE-SIMILARITY" Name="motor_control_SPI_wrapper_incremental_reuse_pre_placed.rpt"/>
  <File Type="ROUTE-ERROR-DCP" Name="motor_control_SPI_wrapper_routed_error.dcp"/>
  <File Type="ROUTE-BLACKBOX-DCP" Name="motor_control_SPI_wrapper_routed_bb.dcp"/>
  <File Type="ROUTE-TIMING-PB" Name="motor_control_SPI_wrapper_timing_summary_routed.pb"/>
  <File Type="OPT-DCP" Name="motor_control_SPI_wrapper_opt.dcp"/>
  <File Type="PLACE-DCP" Name="motor_control_SPI_wrapper_placed.dcp"/>
  <File Type="PWROPT-DCP" Name="motor_control_SPI_wrapper_pwropt.dcp"/>
  <File Type="POSTPLACE-PWROPT-DCP" Name="motor_control_SPI_wrapper_postplace_pwropt.dcp"/>
  <File Type="PHYSOPT-DCP" Name="motor_control_SPI_wrapper_physopt.dcp"/>
  <File Type="POSTROUTE-PHYSOPT-DCP" Name="motor_control_SPI_wrapper_postroute_physopt.dcp"/>
  <File Type="POSTROUTE-PHYSOPT-BLACKBOX-DCP" Name="motor_control_SPI_wrapper_postroute_physopt_bb.dcp"/>
  <File Type="PDI-FILE" Name="motor_control_SPI_wrapper.pdi"/>
  <File Type="BOOT-PDI-FILE" Name="motor_control_SPI_wrapper_boot.pdi"/>
  <File Type="PL-PDI-FILE" Name="motor_control_SPI_wrapper_pld.pdi"/>
  <File Type="RCFI_FILE" Name="motor_control_SPI_wrapper.rcfi"/>
  <File Type="CFI_FILE" Name="motor_control_SPI_wrapper.cfi"/>
  <File Type="RNPI_FILE" Name="motor_control_SPI_wrapper.rnpi"/>
  <File Type="NPI_FILE" Name="motor_control_SPI_wrapper.npi"/>
  <File Type="RBD_FILE" Name="motor_control_SPI_wrapper.rbd"/>
  <File Type="ROUTE-RQS" Name="motor_control_SPI_wrapper_routed.rqs"/>
  <File Type="POSTROUTE-PHYSOPT-RQS" Name="motor_control_SPI_wrapper_postroute_physopted.rqs"/>
  <File Type="ROUTE-RQS-RPT" Name="route_report_qor_suggestions_0.rpt"/>
  <File Type="POSTROUTE-PHYSOPT-RQS-RPT" Name="postroute_physopt_report_qor_suggestions_0.rpt"/>
  <FileSet Name="sources" Type="DesignSrcs" RelSrcDir="$PSRCDIR/sources_1" RelGenDir="$PGENDIR/sources_1">
    <Filter Type="Srcs"/>
    <File Path="$PSRCDIR/sources_1/imports/new/DECODER_2x4.vhd">
      <FileInfo>
        <Attr Name="ImportPath" Val="$PPRDIR/../project_2/project_2.srcs/sources_1/new/DECODER_2x4.vhd"/>
        <Attr Name="ImportTime" Val="1740662681"/>
        <Attr Name="UsedIn" Val="synthesis"/>
        <Attr Name="UsedIn" Val="simulation"/>
      </FileInfo>
    </File>
    <File Path="$PSRCDIR/sources_1/imports/Downloads/d_latch.vhd">
      <FileInfo>
        <Attr Name="ImportPath" Val="$PPRDIR/../../../../Downloads/d_latch.vhd"/>
        <Attr Name="ImportTime" Val="1740051235"/>
        <Attr Name="UsedIn" Val="synthesis"/>
        <Attr Name="UsedIn" Val="simulation"/>
      </FileInfo>
    </File>
    <File Path="$PSRCDIR/sources_1/imports/new/OR_Gate.vhd">
      <FileInfo>
        <Attr Name="ImportPath" Val="$PPRDIR/../project_1/project_1.srcs/sources_1/new/OR_Gate.vhd"/>
        <Attr Name="ImportTime" Val="1738850763"/>
        <Attr Name="UsedIn" Val="synthesis"/>
        <Attr Name="UsedIn" Val="simulation"/>
      </FileInfo>
    </File>
    <File Path="$PSRCDIR/sources_1/imports/new/enabler.vhd">
      <FileInfo>
        <Attr Name="ImportPath" Val="$PPRDIR/../ass_2/ass_2.srcs/sources_1/new/enabler.vhd"/>
        <Attr Name="ImportTime" Val="1743024495"/>
        <Attr Name="UsedIn" Val="synthesis"/>
        <Attr Name="UsedIn" Val="simulation"/>
      </FileInfo>
    </File>
    <File Path="$PSRCDIR/sources_1/imports/new/NOT_Gate.vhd">
      <FileInfo>
        <Attr Name="ImportPath" Val="$PPRDIR/../project_1/project_1.srcs/sources_1/new/NOT_Gate.vhd"/>
        <Attr Name="ImportTime" Val="1740665956"/>
        <Attr Name="UsedIn" Val="synthesis"/>
        <Attr Name="UsedIn" Val="simulation"/>
      </FileInfo>
    </File>
    <File Path="$PSRCDIR/sources_1/imports/Downloads/multiplexer_2x1.vhd">
      <FileInfo>
        <Attr Name="ImportPath" Val="$PPRDIR/../../../../Downloads/multiplexer_2x1.vhd"/>
        <Attr Name="ImportTime" Val="1746534285"/>
        <Attr Name="UsedIn" Val="synthesis"/>
        <Attr Name="UsedIn" Val="simulation"/>
      </FileInfo>
    </File>
    <File Path="$PSRCDIR/sources_1/imports/aksel/OneDrive/Skrivebord/Digital Programmerbar/project_3/project_3.srcs/sources_1/new/counter.vhd">
      <FileInfo>
        <Attr Name="ImportPath" Val="$PPRDIR/../project_3/project_3.srcs/sources_1/new/counter.vhd"/>
        <Attr Name="ImportTime" Val="1741072602"/>
        <Attr Name="UsedIn" Val="synthesis"/>
        <Attr Name="UsedIn" Val="simulation"/>
      </FileInfo>
    </File>
    <File Path="$PSRCDIR/sources_1/new/OR_GATE_2_in.vhd">
      <FileInfo>
        <Attr Name="UsedIn" Val="synthesis"/>
        <Attr Name="UsedIn" Val="simulation"/>
      </FileInfo>
    </File>
    <File Path="$PSRCDIR/sources_1/new/delay.vhd">
      <FileInfo>
        <Attr Name="UsedIn" Val="synthesis"/>
        <Attr Name="UsedIn" Val="simulation"/>
      </FileInfo>
    </File>
    <File Path="$PSRCDIR/sources_1/bd/hall_sensor_home/hall_sensor_home.bd">
      <FileInfo>
        <Attr Name="UsedIn" Val="synthesis"/>
        <Attr Name="UsedIn" Val="implementation"/>
        <Attr Name="UsedIn" Val="simulation"/>
      </FileInfo>
    </File>
    <File Path="$PGENDIR/sources_1/bd/hall_sensor_home/hdl/hall_sensor_home_wrapper.vhd">
      <FileInfo>
        <Attr Name="UsedIn" Val="synthesis"/>
        <Attr Name="UsedIn" Val="simulation"/>
      </FileInfo>
    </File>
    <File Path="$PSRCDIR/sources_1/new/encoder_edgecheck.vhd">
      <FileInfo>
        <Attr Name="UsedIn" Val="synthesis"/>
        <Attr Name="UsedIn" Val="simulation"/>
      </FileInfo>
    </File>
    <File Path="$PSRCDIR/sources_1/bd/encoder_output/encoder_output.bd">
      <FileInfo>
        <Attr Name="UsedIn" Val="synthesis"/>
        <Attr Name="UsedIn" Val="implementation"/>
        <Attr Name="UsedIn" Val="simulation"/>
      </FileInfo>
    </File>
    <File Path="$PGENDIR/sources_1/bd/encoder_output/hdl/encoder_output_wrapper.vhd">
      <FileInfo>
        <Attr Name="UsedIn" Val="synthesis"/>
        <Attr Name="UsedIn" Val="simulation"/>
      </FileInfo>
    </File>
    <File Path="$PSRCDIR/sources_1/imports/Downloads/and_gate.vhd">
      <FileInfo>
        <Attr Name="ImportPath" Val="$PPRDIR/../../../../Downloads/and_gate.vhd"/>
        <Attr Name="ImportTime" Val="1747032277"/>
        <Attr Name="UsedIn" Val="synthesis"/>
        <Attr Name="UsedIn" Val="simulation"/>
      </FileInfo>
    </File>
    <File Path="$PSRCDIR/sources_1/imports/new/comparator_spi.vhd">
      <FileInfo>
        <Attr Name="ImportPath" Val="$PPRDIR/../../../../Downloads/semesterprojekt/semesterprojekt/semesterprojekt.srcs/sources_1/new/comparator_spi.vhd"/>
        <Attr Name="ImportTime" Val="1746516015"/>
        <Attr Name="UsedIn" Val="synthesis"/>
        <Attr Name="UsedIn" Val="simulation"/>
      </FileInfo>
    </File>
    <File Path="$PSRCDIR/sources_1/imports/new/counter_clock_divider.vhd">
      <FileInfo>
        <Attr Name="ImportPath" Val="$PPRDIR/../../../../Downloads/semesterprojekt/semesterprojekt/semesterprojekt.srcs/sources_1/new/counter_clock_divider.vhd"/>
        <Attr Name="ImportTime" Val="1746516015"/>
        <Attr Name="UsedIn" Val="synthesis"/>
        <Attr Name="UsedIn" Val="simulation"/>
      </FileInfo>
    </File>
    <File Path="$PSRCDIR/sources_1/imports/new/motor_control.vhd">
      <FileInfo>
        <Attr Name="ImportPath" Val="$PPRDIR/../../../../Downloads/semesterprojekt/semesterprojekt/semesterprojekt.srcs/sources_1/new/motor_control.vhd"/>
        <Attr Name="ImportTime" Val="1746516016"/>
        <Attr Name="UsedIn" Val="synthesis"/>
        <Attr Name="UsedIn" Val="simulation"/>
      </FileInfo>
    </File>
    <File Path="$PSRCDIR/sources_1/imports/new/counter.vhd">
      <FileInfo>
        <Attr Name="ImportPath" Val="$PPRDIR/../../../../Downloads/semesterprojekt/semesterprojekt/semesterprojekt.srcs/sources_1/imports/Digital_programmerbar_elektronik/lab3/lab3.srcs/sources_1/new/counter.vhd"/>
        <Attr Name="ImportTime" Val="1746516015"/>
        <Attr Name="UsedIn" Val="synthesis"/>
        <Attr Name="UsedIn" Val="simulation"/>
      </FileInfo>
    </File>
    <File Path="$PSRCDIR/sources_1/bd/motor_controller/motor_controller.bd">
      <FileInfo>
        <Attr Name="UsedIn" Val="synthesis"/>
        <Attr Name="UsedIn" Val="implementation"/>
        <Attr Name="UsedIn" Val="simulation"/>
      </FileInfo>
    </File>
    <File Path="$PGENDIR/sources_1/bd/motor_controller/hdl/motor_controller_wrapper.vhd">
      <FileInfo>
        <Attr Name="UsedIn" Val="synthesis"/>
        <Attr Name="UsedIn" Val="simulation"/>
      </FileInfo>
    </File>
    <File Path="$PSRCDIR/sources_1/imports/new/spi_slave.vhd">
      <FileInfo>
        <Attr Name="ImportPath" Val="$PPRDIR/../../../../Downloads/semesterprojekt/semesterprojekt/semesterprojekt.srcs/sources_1/new/spi_slave.vhd"/>
        <Attr Name="ImportTime" Val="1746516016"/>
        <Attr Name="UsedIn" Val="synthesis"/>
        <Attr Name="UsedIn" Val="simulation"/>
      </FileInfo>
    </File>
    <File Path="$PSRCDIR/sources_1/bd/motor_control_SPI/motor_control_SPI.bd">
      <FileInfo>
        <Attr Name="UsedIn" Val="synthesis"/>
        <Attr Name="UsedIn" Val="implementation"/>
        <Attr Name="UsedIn" Val="simulation"/>
      </FileInfo>
    </File>
    <File Path="$PGENDIR/sources_1/bd/motor_control_SPI/hdl/motor_control_SPI_wrapper.vhd">
      <FileInfo>
        <Attr Name="UsedIn" Val="synthesis"/>
        <Attr Name="UsedIn" Val="simulation"/>
      </FileInfo>
    </File>
    <File Path="$PSRCDIR/sources_1/imports/Downloads/clk_divider.vhd">
      <FileInfo>
        <Attr Name="AutoDisabled" Val="1"/>
        <Attr Name="ImportPath" Val="$PPRDIR/../../../../Downloads/clk_divider.vhd"/>
        <Attr Name="ImportTime" Val="1744374761"/>
        <Attr Name="UsedIn" Val="synthesis"/>
        <Attr Name="UsedIn" Val="simulation"/>
      </FileInfo>
    </File>
    <File Path="$PSRCDIR/sources_1/imports/Downloads/rx_mod_rtl.vhd">
      <FileInfo>
        <Attr Name="AutoDisabled" Val="1"/>
        <Attr Name="ImportPath" Val="$PPRDIR/../../../../Downloads/rx_mod_rtl.vhd"/>
        <Attr Name="ImportTime" Val="1745490516"/>
        <Attr Name="UsedIn" Val="synthesis"/>
        <Attr Name="UsedIn" Val="simulation"/>
      </FileInfo>
    </File>
    <File Path="$PSRCDIR/sources_1/imports/Downloads/tx_mod_fsm.vhd">
      <FileInfo>
        <Attr Name="AutoDisabled" Val="1"/>
        <Attr Name="ImportPath" Val="$PPRDIR/../../../../Downloads/tx_mod_fsm.vhd"/>
        <Attr Name="ImportTime" Val="1744374765"/>
        <Attr Name="UsedIn" Val="synthesis"/>
        <Attr Name="UsedIn" Val="simulation"/>
      </FileInfo>
    </File>
    <File Path="$PSRCDIR/sources_1/bd/UART_com/UART_com.bd">
      <FileInfo>
        <Attr Name="AutoDisabled" Val="1"/>
        <Attr Name="UsedIn" Val="synthesis"/>
        <Attr Name="UsedIn" Val="implementation"/>
        <Attr Name="UsedIn" Val="simulation"/>
      </FileInfo>
    </File>
    <File Path="$PGENDIR/sources_1/bd/UART_com/hdl/UART_com_wrapper.vhd">
      <FileInfo>
        <Attr Name="AutoDisabled" Val="1"/>
        <Attr Name="UsedIn" Val="synthesis"/>
        <Attr Name="UsedIn" Val="simulation"/>
      </FileInfo>
    </File>
    <Config>
      <Option Name="DesignMode" Val="RTL"/>
      <Option Name="TopModule" Val="motor_control_SPI_wrapper"/>
    </Config>
  </FileSet>
  <FileSet Name="constrs_in" Type="Constrs" RelSrcDir="$PSRCDIR/constrs_1" RelGenDir="$PGENDIR/constrs_1">
    <Filter Type="Constrs"/>
    <File Path="$PSRCDIR/constrs_1/imports/Downloads/Sem_project_constraint.xdc">
      <FileInfo>
        <Attr Name="ImportPath" Val="$PPRDIR/../../../../Downloads/Sem_project_constraint.xdc"/>
        <Attr Name="ImportTime" Val="1743344618"/>
        <Attr Name="UsedIn" Val="synthesis"/>
        <Attr Name="UsedIn" Val="implementation"/>
      </FileInfo>
    </File>
    <Config>
      <Option Name="ConstrsType" Val="XDC"/>
    </Config>
  </FileSet>
  <FileSet Name="utils" Type="Utils" RelSrcDir="$PSRCDIR/utils_1" RelGenDir="$PGENDIR/utils_1">
    <Filter Type="Utils"/>
    <File Path="$PSRCDIR/utils_1/imports/synth_1/motor_control_SPI_wrapper.dcp">
      <FileInfo>
        <Attr Name="UsedIn" Val="synthesis"/>
        <Attr Name="UsedIn" Val="implementation"/>
        <Attr Name="UsedInSteps" Val="synth_1"/>
        <Attr Name="AutoDcp" Val="1"/>
      </FileInfo>
    </File>
    <Config>
      <Option Name="TopAutoSet" Val="TRUE"/>
    </Config>
  </FileSet>
  <Strategy Version="1" Minor="2">
    <StratHandle Name="Vivado Implementation Defaults" Flow="Vivado Implementation 2024"/>
    <Step Id="init_design"/>
    <Step Id="opt_design"/>
    <Step Id="power_opt_design"/>
    <Step Id="place_design"/>
    <Step Id="post_place_power_opt_design"/>
    <Step Id="phys_opt_design"/>
    <Step Id="route_design"/>
    <Step Id="post_route_phys_opt_design"/>
    <Step Id="write_bitstream"/>
    <Step Id="write_device_image"/>
  </Strategy>
  <BlockFileSet Type="BlockSrcs" Name="hall_sensor_home_OR_Gate_0_0"/>
  <BlockFileSet Type="BlockSrcs" Name="encoder_output_encoder_edgecheck_0_0"/>
  <BlockFileSet Type="BlockSrcs" Name="motor_controller_AND_Gate_1_0"/>
  <BlockFileSet Type="BlockSrcs" Name="UART_com_clk_divider_0_0"/>
  <BlockFileSet Type="BlockSrcs" Name="UART_com_rx_mod_0_0"/>
  <BlockFileSet Type="BlockSrcs" Name="hall_sensor_home_counter_0_0"/>
  <BlockFileSet Type="BlockSrcs" Name="hall_sensor_home_NOT_GATE_0_3"/>
  <BlockFileSet Type="BlockSrcs" Name="motor_controller_counter_clock_divider_0_0"/>
  <BlockFileSet Type="BlockSrcs" Name="motor_controller_AND_Gate_0_0"/>
  <BlockFileSet Type="BlockSrcs" Name="motor_control_SPI_motor_controller_wra_0_0"/>
  <BlockFileSet Type="BlockSrcs" Name="hall_sensor_home_multiplexer_2x1_0_1"/>
  <BlockFileSet Type="BlockSrcs" Name="encoder_output_multiplexer_2x1_0_0"/>
  <BlockFileSet Type="BlockSrcs" Name="hall_sensor_home_NOT_GATE_1_0"/>
  <BlockFileSet Type="BlockSrcs" Name="hall_sensor_home_NOT_GATE_2_0"/>
  <BlockFileSet Type="BlockSrcs" Name="motor_controller_motor_control_0_0"/>
  <BlockFileSet Type="BlockSrcs" Name="UART_com_d_latch_0_0"/>
  <BlockFileSet Type="BlockSrcs" Name="UART_com_tx_mod_0_0"/>
  <BlockFileSet Type="BlockSrcs" Name="motor_control_SPI_NOT_GATE_0_0"/>
  <BlockFileSet Type="BlockSrcs" Name="hall_sensor_home_OR_GATE_2_in_1_0"/>
  <BlockFileSet Type="BlockSrcs" Name="hall_sensor_home_OR_GATE_2_in_0_0"/>
  <BlockFileSet Type="BlockSrcs" Name="encoder_output_NOT_GATE_0_0"/>
  <BlockFileSet Type="BlockSrcs" Name="motor_control_SPI_multiplexer_2x1_0_0"/>
  <BlockFileSet Type="BlockSrcs" Name="motor_control_SPI_OR_GATE_2_in_0_0"/>
  <BlockFileSet Type="BlockSrcs" Name="hall_sensor_home_d_latch_0_0"/>
  <BlockFileSet Type="BlockSrcs" Name="hall_sensor_home_enabler_0_0"/>
  <BlockFileSet Type="BlockSrcs" Name="motor_controller_AND_Gate_2_0"/>
  <BlockFileSet Type="BlockSrcs" Name="encoder_output_encoder_edgecheck_1_0"/>
  <BlockFileSet Type="BlockSrcs" Name="hall_sensor_home_d_latch_1_0"/>
  <BlockFileSet Type="BlockSrcs" Name="hall_sensor_home_delay_0_0"/>
  <BlockFileSet Type="BlockSrcs" Name="encoder_output_counter_1_0"/>
  <BlockFileSet Type="BlockSrcs" Name="motor_controller_AND_Gate_3_0"/>
  <BlockFileSet Type="BlockSrcs" Name="motor_controller_comparator_spi_0_0"/>
  <BlockFileSet Type="BlockSrcs" Name="motor_controller_comparator_spi_1_0"/>
  <BlockFileSet Type="BlockSrcs" Name="motor_controller_counterPWM_0_0"/>
  <BlockFileSet Type="BlockSrcs" Name="motor_control_SPI_encoder_output_wrapp_0_0"/>
  <BlockFileSet Type="BlockSrcs" Name="motor_control_SPI_SPI_slave_0_0"/>
  <BlockFileSet Type="BlockSrcs" Name="motor_control_SPI_hall_sensor_home_wra_0_0"/>
  <BlockFileSet Type="BlockSrcs" Name="hall_sensor_home_DECODER_2x4_0_0"/>
</GenRun>
