timestamp_ms,real_x,real_y,pred_x,pred_y
16249483,34.75,103.5,0,0
16249524,34.75,103.5,34.75,103.5
16249564,34.75,103.5,34.75,103.5
16249604,34.75,103.5,34.75,103.5
16249645,34.75,103.5,34.75,103.5
16249685,34.75,103.688,34.75,103.5
16249725,35.1875,103.562,34.75,103.833
16249765,34.5,103.5,35.5156,103.469
16249805,34.5,103.562,33.9844,103.453
16249845,34.5,103.5,34.5,103.609
16249885,34.75,103.25,34.5,103.453
16249926,34.25,103.062,34.9375,103.062
16249966,33.8125,100.188,33.875,102.922
16250006,33.4375,97.1875,33.4844,98.0312
16250046,31.875,89.0625,33.1562,94.9375
16250086,31.875,89.0625,30.7031,82.9688
16250127,30.625,84.0625,31.875,89.0625
16250167,29.75,72.8125,29.6875,80.3125
16250207,30.125,66.25,29.0938,64.375
16250247,30.125,52.1875,30.4062,61.3281
16250287,30.125,52.1875,30.125,41.6406
16250328,30,43.875,30.125,52.1875
16250368,32.25,26.25,29.9344,39.5109
16250408,33.75,16.5,33.9375,13.0312
16250448,34.9375,6.5,34.875,9.1875
16250488,33.8125,6.875,35.8875,-1.5
16250528,33.5625,6.5625,32.9688,7.15625
16250569,31.75,6.3125,33.3688,6.32031
16250609,32.8125,6.3125,30.3906,6.125
16250649,32,6.25,33.3703,6.3125
16250689,31.125,6.25,31.3906,6.20312
16250733,31.125,6.25,30.25,6.25
16250773,29.1875,6.25,31.125,6.25
16250813,25.1875,6,28.2188,6.25
16250854,24.5625,5,22.0875,5.80625
16250894,22.0625,5.125,24.1052,4.26829
16250935,17.5,6.0625,20.125,5.22188
16250975,13.5625,5.8125,14.0781,6.76562
16251015,7.875,6.625,10.6094,5.625
16251056,7.5625,7.4375,3.60938,7.23438
16251096,7.0625,9.125,7.40625,7.84375
16251136,7.125,10.5625,6.6875,10.3906
16251176,7.125,10.8125,7.17188,11.6406
16251216,7.3125,10.3125,7.125,11
16251258,7.125,8.9375,7.45312,9.9375
16251298,7.125,7.875,6.98781,7.9314
16251338,7.5625,7.6875,7.125,7.05156
16251378,7.5625,7.6875,7.90156,7.54219
16251418,7.5625,7.6875,7.5625,7.6875
16251458,7.4375,7.75,7.5625,7.6875
16251499,7.25,7.875,7.34375,7.79688
16251540,7.1875,7.9375,7.10938,7.96875
16251581,7.1875,7.9375,7.14062,7.98438
16251621,7.1875,7.9375,7.1875,7.9375
16251661,7.1875,7.9375,7.1875,7.9375
16251701,7.1875,7.9375,7.1875,7.9375
16251741,7.1875,7.9375,7.1875,7.9375
16251782,7.1875,7.9375,7.1875,7.9375
16251822,7.1875,7.9375,7.1875,7.9375
16251862,7.1875,7.9375,7.1875,7.9375
16251902,7.1875,7.9375,7.1875,7.9375
16251943,7.1875,7.9375,7.1875,7.9375
16251984,7.1875,7.9375,7.1875,7.9375
16252024,7.25,7.9375,7.1875,7.9375
16252064,7.3125,7.8125,7.29688,7.9375
16252105,7.3125,7.8125,7.35938,7.71875
16252145,7.5,7.8125,7.3125,7.8125
16252185,7.4375,7.8125,7.64062,7.8125
16252226,7.5,7.8125,7.39062,7.8125
16252266,7.5625,7.75,7.54573,7.8125
16252306,7.6875,7.625,7.60938,7.70312
16252346,7.875,7.4375,7.78125,7.53125
16252386,8.25,7.125,8.01562,7.29688
16252427,12.5,6.25,8.4375,6.96875
16252467,14.5625,6.1875,15.6875,5.59375
16252508,16.4375,6.1875,16.625,6.125
16252549,18.375,6.1875,17.8095,6.1875
16252592,20.375,6.25,19.8766,6.1875
16252632,22.6875,6.25,21.8036,6.29464
16252672,27.9375,6.125,24.4219,6.25
16252713,30.6875,6.0625,30.5625,6.0625
16252753,32.875,6.125,32.75,6.01562
16252793,33.125,5.875,34.5156,6.17188
16252833,35.375,5.8125,33.3125,5.6875
16252873,38.1875,6,37.0625,5.76562
16252913,42,5.9375,40.3672,6.14531
16252954,45.1875,6.3125,44.8594,5.89062
16252997,54.625,6.4375,47.7375,6.6125
16253037,58.375,6.625,61.6483,6.53052
16253077,62.5,6.5,61.1875,6.76562
16253121,66.4375,6.125,65.8,6.4
16253161,71.0625,6.1875,68.3605,5.94186
16253201,81.8125,5.75,74.5312,6.23438
16253241,86.8125,6.0625,89.875,5.42188
16253282,92,7,90.5625,6.29688
16253322,104.562,6.25,95.8906,7.70312
16253363,104.562,6.25,113.984,5.6875
16253403,106.625,8.75,104.562,6.25
16253443,106,14.0625,108.172,10.625
16253483,106.312,15.9375,105.531,18.0469
16253523,106.312,15.9375,106.547,17.3438
16253563,107.188,24.875,106.312,15.9375
16253604,106.5,26.0625,107.844,31.5781
16253644,107.625,36.125,105.95,27.0125
16253684,107.938,62.5,108.469,43.6719
16253724,108.188,82,108.172,82.2812
16253764,108.188,82,108.381,97.1125
16253804,89.3125,104.312,108.188,82
16253844,89.3125,104.312,74.6844,121.605
16253886,77.1875,103.438,89.3125,104.312
16253926,58.5,102.188,68.3156,102.797
16253966,48,101.938,44.4844,101.25
16254006,39.5,101.875,39.8625,101.744
16254046,31.0625,102.438,33.125,101.828
16254086,23.0625,103.75,24.7344,102.859
16254126,8.0625,103.25,16.8625,104.767
16254166,7.25,99.4375,-3.1875,102.875
16254207,6.5,90.5,6.80312,97.3406
16254247,6.5,90.5,5.9375,83.7969
16254287,7.0625,88.75,6.5,90.5
16254327,6.5625,88.4375,7.5125,87.35
16254369,8.125,89.5625,6.1875,88.2031
16254411,8.1875,91.125,9.26829,90.3857
16254451,9.25,89.1875,8.23323,92.2683
16254495,10.3125,82.6875,10.0469,87.7344
16254535,15.4375,63.6875,11.0538,78.1526
16254575,19.5,40.3125,19.4094,48.9625
16254615,19.5,40.3125,22.5469,22.7812
16254655,29.3125,17.3125,19.5,40.3125
16254695,32.75,8.1875,36.6719,0.0625
16254735,32.75,8.1875,35.3281,1.34375
16254775,41.3125,6.3125,32.75,8.1875
16254815,45.9375,6.8125,47.7344,4.90625
16254857,56.0625,6.5625,49.4062,7.1875
16254898,56.0625,6.5625,63.471,6.37957
16254938,69,6.4375,56.0625,6.5625
16254978,81.6875,5.9375,76.1156,6.36875
16255019,81.6875,5.9375,92.1547,5.525
16255059,93.875,6.0625,81.6875,5.9375
16255102,101.5,6.25,103.016,6.15625
16255142,107.625,6.4375,106.946,6.38393
16255182,107.75,17.0625,112.219,6.57812
16255222,107.75,17.0625,107.847,25.2969
16255262,106.562,30.3125,107.75,17.0625
16255302,107.625,37.3125,105.672,40.25
16255343,108,44.5,108.422,42.5625
16255383,107.188,59.3125,108.291,50.0703
16255423,107.938,67,106.578,70.4219
16255463,107.312,75.375,108.406,71.8047
16255503,107.812,94.4375,106.828,81.8656
16255544,107.812,94.4375,108.188,108.734
16255584,99.75,103.75,107.812,94.4375
16255624,90.8125,103.938,93.7031,110.734
16255664,81.9375,104.188,83.8859,104.083
16255705,74.0625,104.062,75.2812,104.375
16255747,54.5,103.938,68.1562,103.969
16255787,54.5,103.938,44.0031,103.87
16255827,47.375,103.938,54.5,103.938
16255867,41.8125,104,41.8531,103.938
16255907,34.9375,103.938,37.6406,104.047
16255948,30.8125,103.812,29.6094,103.889
16255989,20.6875,103.625,27.7942,103.721
16256029,16,103.688,13.0938,103.484
16256069,11.75,103.688,12.4844,103.734
16256109,8.5625,103.562,8.5625,103.688
16256149,6.1875,102,6.09219,103.466
16256190,7.125,93.8125,4.40625,100.828
16256232,7.25,87.4375,7.875,87.2625
16256272,8.625,79.4375,7.34146,82.7729
16256312,11.0625,61.1875,9.3125,75.4375
16256352,10.6875,51.3125,12.8906,47.5
16256392,14.5625,40,10.4062,43.9062
16256432,16.25,28,17.4688,31.5156
16256472,19.5625,14.1875,17.5578,18.7
16256513,25.375,6.4375,22.0469,3.82812
16256553,28.875,6.3125,29.7344,0.625
16256593,32.375,6.375,30.625,6.25
16256633,34.75,6.5625,35,6.42188
16256673,38,6.6875,36.5312,6.70312
16256713,45.5625,6.0625,40.4375,6.78125
16256754,51.875,6.0625,51.2344,5.59375
16256795,51.875,6.0625,56.6094,6.0625
16256835,55.875,6.4375,51.875,6.0625
16256875,61.1875,5.6875,58.875,6.71875
16256915,65.4375,6.0625,65.1719,5.125
16256955,72.3125,6.5,68.625,6.34375
16256995,84.1875,6.6875,77.4688,6.82812
16257035,84.1875,6.6875,93.0938,6.82812
16257076,96.875,3.625,84.1875,6.6875
16257116,107,5.5,106.391,1.32812
16257156,107.188,10,114.594,6.90625
16257196,108.938,12.625,107.333,13.4875
16257236,106.312,12.0625,110.25,14.5938
16257278,108.375,21.5625,104.344,11.6406
16257319,107.375,21.3125,109.848,28.3482
16257359,107.562,24.9375,106.625,21.125
16257399,106.5,27.6875,107.703,27.6562
16257439,106.812,28.6875,105.703,29.75
16257481,106.812,28.6875,107.047,29.4375
16257521,107.812,45.8125,106.812,28.6875
16257562,107.75,61.4375,108.562,58.6562
16257602,108.125,76.375,107.698,74.3948
16257642,103.688,103.938,108.312,83.8438
16257682,94.125,104.562,100.359,124.609
16257722,83.5625,104.125,85.7578,105.109
16257763,74.875,103.312,75.6406,103.797
16257803,61.4375,102.812,67.925,102.662
16257843,56.9375,102.5,54.7188,102.562
16257883,41.125,103.188,53.5625,102.266
16257923,33.8125,103.188,29.2656,103.703
16257963,19.5,103.812,27.9625,103.188
16258003,13.375,103.938,8.40781,104.297
16258044,8.375,103.125,8.62813,104.034
16258084,8.375,103.125,4.625,102.516
16258124,7.4375,97.875,8.375,103.125
16258164,7.1875,97.625,6.71094,93.8063
16258204,7.375,99.5625,6.99375,97.4313
16258244,7.375,99.5625,7.51562,101.016
16258284,7.9375,103.625,7.375,99.5625
16258325,12,97.8125,8.35938,106.672
16258365,14.625,90.3125,15.0469,93.4531
16258405,17.8125,79.75,16.0031,86.375
16258445,20.375,71.3125,20.2031,71.8281
16258485,27.125,47.8125,22.2969,64.9844
16258525,31.625,35.4375,32.3563,29.6
16258565,31.625,35.4375,35,26.1562
16258605,42.0625,14.125,31.625,35.4375
16258646,48,6.5,50.1516,-2.39219
16258686,51.9375,6.75,51.2656,2.30625
16258726,64.625,6.8125,54.8906,6.9375
16258766,75.5625,6.4375,74.1406,6.85938
16258809,81.9375,6.375,83.7656,6.15625
16258849,88.4375,5.375,86.4911,6.33036
16258889,93.1875,6.375,93.3125,4.625
16258929,101.562,6.375,96.75,7.125
16258970,106.938,6.3125,108.053,6.375
16259010,107.438,7.9375,110.969,6.26562
16259050,107.125,12.125,107.812,9.15625
16259090,107.812,18.1875,106.891,15.2656
16259130,106.875,22.0625,108.328,22.7344
16259171,107.5,26.9375,106.359,24.1938
16259211,107.938,36.375,107.984,30.7156
16259251,107.938,36.375,108.266,43.4531
16259291,108.125,67.5625,107.938,36.375
16259334,108.125,74.0625,108.266,90.9531
16259375,105.688,88.75,108.125,80.253
16259415,92.625,103.938,104.469,96.0938
16259455,87.8125,103.812,82.8281,115.328
16259496,77.3125,104.062,84.0828,103.716
16259536,67.625,104.062,69.4375,104.25
16259576,59,103.938,60.3594,104.062
16259616,31.5,103.875,52.1,103.838
16259657,31.5,103.875,10.875,103.828
16259699,19.125,103.812,31.5,103.875
16259739,8.4375,103.562,10.0701,103.767
16259779,5.3125,100.125,0.421875,103.375
16259821,6.3125,94.875,2.73438,97.2891
16259861,6.3125,94.875,6.8003,92.314
16259901,7.75,86.5625,6.3125,94.875
16259941,8.3125,83.375,8.82812,80.3281
16259981,10.5625,81.5,8.73438,80.9844
16260021,11.3125,82.5625,12.3062,80.0469
16260061,12.25,82.9375,11.875,83.3594
16260101,13.6875,77.875,12.9766,83.2281
16260141,14.6875,70.5625,14.7656,74.0781
16260182,16.1875,61.5,15.2125,66.7234
16260222,15.6875,51.1875,17.3125,54.7031
16260262,17.0625,39.6875,15.3,43.1953
16260302,18.5625,15,18.0938,31.0625
16260342,19,5.9375,19.6875,-3.51562
16260382,18.25,7.0625,19.35,-1.3125
16260424,17.125,8.4375,17.6875,7.90625
16260464,16,8.625,16.5213,9.17531
16260505,14.1875,9.1875,15.1562,8.76562
16260545,13.125,8.875,12.8281,9.60938
16260585,9.3125,6.625,12.3281,8.64062
16260625,10.6875,6.4375,6.45312,4.9375
16260665,13.75,6.625,11.7531,6.29219
16260706,13.75,6.625,16.0469,6.76562
16260746,17.5625,6.0625,13.75,6.625
16260786,19.4375,6.125,20.5172,5.62656
16260826,20.8125,6.0625,20.8438,6.17188
16260867,23.3125,6.125,21.8438,6.01562
16260907,24.75,6.25,25.1875,6.17188
16260947,26.375,6.1875,25.4688,6.3125
16260987,26.3125,6.1875,27.5938,6.14062
16261027,28.1875,6.125,26.2656,6.1875
16261067,28.4375,6.1875,29.5938,6.07812
16261107,30,6.25,28.625,6.23438
16261148,33.1875,5.875,31.1719,6.29688
16261188,33.1875,5.875,35.6578,5.58437
16261228,36.875,7,33.1875,5.875
16261268,38.6875,6.875,39.825,7.9
16261308,40.625,6.375,40.0469,6.78125
16261348,43.125,6.25,41.5938,6.125
16261388,46.25,6.25,45,6.15625
16261428,46.75,6.25,48.5938,6.25
16261469,50.4375,6.1875,47.125,6.25
16261509,53.3125,6.4375,53.2031,6.14062
16261549,57.375,6.5,55.4688,6.625
16261589,66.0625,6.0625,60.4219,6.54688
16261633,66.0625,6.0625,72.7953,5.72344
16261673,77.375,5.5625,66.0625,6.0625
16261713,83,6.3125,85.8594,5.1875
16261753,87.75,6.1875,87.2188,6.875
16261793,94.25,6.4375,91.3125,6.09375
16261833,103.062,6,99.125,6.625
16261874,103.062,6,109.672,5.67188
16261914,107.875,11,103.062,6
16261954,107.125,13.125,111.484,14.75
16261995,106.062,12.125,106.562,14.7188
16262035,107.312,18,105.213,11.325
16262075,107.438,29.875,108.25,22.4062
16262117,107.125,36.5,107.506,36.4062
16262157,107.938,57,106.896,41.3476
16262198,107.938,57,108.567,72.8875
16262238,108,68.5625,107.938,57
16262279,107.812,99.0625,108.047,77.2344
16262319,102.312,103.938,107.675,121.38
16262359,91.1875,104,98.1875,107.594
16262399,72.375,103.625,82.8438,104.047
16262439,63.5,103.375,58.2656,103.344
16262480,54.875,103.375,56.8438,103.188
16262520,46.875,103.875,48.4062,103.375
16262560,30.6875,103.562,40.875,104.25
16262600,24.75,103.75,18.5469,103.328
16262640,24.75,103.75,20.2969,103.891
16262680,10.6875,103.75,24.75,103.75
16262721,8.125,102.75,3.65625,103.75
16262762,8.125,102.75,6.075,101.95
16262802,7.25,96,8.125,102.75
16262842,7.4375,92.9375,6.59375,90.9375
16262882,7.4375,92.9375,7.57812,90.6406
16262923,7.1875,94.1875,7.4375,92.9375
16262963,7.3125,94.5,6.99375,95.1562
16263003,7.4375,87.5625,7.40625,94.7344
16263043,8.75,79.625,7.53125,82.3594
16263083,10.0625,69.5625,9.73438,73.6719
16263123,14.1875,58.375,11.0469,62.0156
16263164,15.9375,45.8125,17.2812,49.9844
16263204,20.0625,33.625,17.25,36.3906
16263244,30.4375,9.875,23.1562,24.4844
16263284,35.75,6.5625,38.2188,-7.9375
16263325,35.75,6.5625,38.4062,4.90625
16263365,45.625,7.75,35.75,6.5625
16263405,57.875,7.9375,53.0312,8.64062
16263445,63.9375,6.8125,67.0625,8.07812
16263486,77.5625,6.3125,68.4844,5.96875
16263526,84.75,6,87.7812,5.9375
16263566,99.9375,6.125,90.3203,5.75781
16263606,99.9375,6.125,111.328,6.21875
16263647,104.125,6.125,99.9375,6.125
16263687,105.625,7.5,107.266,6.125
16263727,107.875,19.3125,106.825,8.6
16263767,107.875,19.3125,109.056,25.5141
16263808,108,21.875,107.875,19.3125
16263848,107.625,42.25,108.094,23.7969
16263888,107.75,52.625,107.344,57.5312
16263928,108.938,64.3125,107.844,60.4062
16263968,105.625,89.3125,109.858,73.3703
16264008,106.188,102.938,103.058,108.688
16264048,99.6875,104,106.637,113.838
16264089,80.8125,104,94.8125,104.797
16264129,71.6875,104.188,66.6562,104
16264169,71.6875,104.188,67.125,104.281
16264210,71.6875,104.188,71.6875,104.188
16264250,55.6875,103.875,71.6875,104.188
16264290,32.25,103.875,43.6875,103.641
16264330,25.5625,103.875,14.6719,103.875
16264370,25.5625,103.875,20.5469,103.875
16264410,25.5625,103.875,25.5625,103.875
16264450,25.5625,103.875,25.5625,103.875
16264490,25.5625,103.875,25.5625,103.875
16264531,25.5625,103.875,25.5625,103.875
16264571,25.5625,103.875,25.5625,103.875
16264611,25.5625,103.875,25.5625,103.875
16264651,8.5,103.625,25.5625,103.875
16264691,8,98.5625,-5.15,103.425
16264731,8,97.125,7.7375,95.9047
16264772,13.25,103.75,8,96.0109
16264812,15.1875,103.188,17.3188,108.884
16264852,15.1875,103.188,16.6891,102.752
16264892,15.1875,103.188,15.1875,103.188
16264933,19.25,91.75,15.1875,103.188
16264973,28.5,61.875,22.2969,83.1719
16265013,42.1875,30.75,33.125,46.9375
16265054,42.1875,30.75,52.4531,7.40625
16265094,54.625,17.75,42.1875,30.75
16265134,60.125,11.75,63.9531,8
16265174,60.125,11.75,64.25,7.25
16265214,60.125,11.75,60.125,11.75
16265254,67.375,6.5625,60.125,11.75
16265294,84.9375,6.5,72.8125,2.67188
16265334,98.0625,5.875,98.1094,6.45312
16265374,98.0625,5.875,108.562,5.375
16265415,98.0625,5.875,98.0625,5.875
16265455,104.812,6.125,98.0625,5.875
16265495,106.875,14.125,108.188,6.25
16265535,108.438,49.1875,108.422,20.125
16265575,108.438,49.1875,109.648,76.3609
16265615,108.438,49.1875,108.438,49.1875
16265655,107.875,64.0625,108.438,49.1875
16265696,107.875,64.0625,107.439,75.5906
16265736,108.062,96.625,107.875,64.0625
16265776,104.438,104,108.212,122.675
16265819,94.5,103.875,101.537,109.9
16265859,65.875,104.062,87.4018,103.786
16265899,38.5,103.812,44.4062,104.203
16265939,38.5,103.812,17.9688,103.625
16265979,30.9375,103.938,38.5,103.812
16266019,30.9375,103.938,25.2656,104.031
16266059,30.9375,103.938,30.9375,103.938
16266099,30.9375,103.938,30.9375,103.938
16266140,7.1875,101.688,30.9375,103.938
16266180,7.4375,97.875,-11.2188,99.9437
16266220,7.625,92.5,7.625,95.0156
16266261,7.625,92.5,7.77969,88.0656
16266302,7.625,92.5,7.625,92.5
16266342,8.375,94,7.625,92.5
16266382,9.5,99.125,8.9375,95.125
16266422,9.5,99.125,10.3438,102.969
16266462,9.5,99.125,9.5,99.125
16266502,14.75,103.688,9.5,99.125
16266542,16.5625,102.188,18.95,107.338
16266582,16.4375,96.875,18.0125,100.988
16266622,21.5,81.8125,16.3438,92.8906
16266664,21.5,81.8125,25.2969,70.5156
16266704,23.1875,72.9375,21.5,81.8125
16266744,36.25,29.9375,24.4953,66.0594
16266784,36.25,29.9375,42.7812,8.4375
16266824,36.25,29.9375,36.25,29.9375
16266865,36.25,29.9375,36.25,29.9375
16266905,36.25,29.9375,36.25,29.9375
16266946,43.1875,6.9375,36.25,29.9375
16266987,42.625,7,48.3906,-10.3125
16267027,42.625,7,42.1997,7.04726
16267067,42.625,7,42.625,7
16267107,42.875,7.125,42.625,7
16267147,38.8125,8.8125,43,7.1875
16267188,35.5625,10.625,35.7656,10.0781
16267228,31.4375,10.3125,33.125,11.9844
16267268,31.4375,10.3125,28.2406,10.0703
16267311,31.4375,10.3125,31.4375,10.3125
16267351,20.25,10.3125,31.4375,10.3125
16267391,6.5,7.6875,11.8594,10.3125
16267431,6.5,7.6875,-3.8125,5.71875
16267471,6.5,7.6875,6.5,7.6875
16267511,6.75,7.625,6.5,7.6875
16267553,7.5625,7.3125,6.94375,7.57656
16267593,7.0625,7.5,8.14286,7.08929
16267633,7.0625,7.5,6.6875,7.64062
16267674,7.0625,7.5,7.0625,7.5
16267714,6.75,7.6875,7.0625,7.5
16267754,6.3125,7.9375,6.59375,7.78125
16267797,6.3125,8.125,5.875,8.1875
16267838,6.3125,8.125,6.3125,8.21428
16267878,6.3125,8.125,6.3125,8.125
16267918,6.3125,8.125,6.3125,8.125
16267958,6.25,7.9375,6.3125,8.125
16267998,6.8125,7.8125,6.2,7.7875
16268038,6.8125,8,7.23438,7.71875
16268078,6.875,8,6.8125,8.14062
16268119,6.875,8,6.92188,8
16268159,6.875,8,6.875,8
16268201,6.875,8.0625,6.875,8
16268241,6.875,8,6.875,8.10823
16268281,6.5,7.5625,6.875,7.95312
16268321,6.875,7.625,6.3125,7.34375
16268361,6.875,7.625,7.15625,7.67188
16268401,6.9375,7.625,6.875,7.625
16268442,6.875,7.6875,6.98438,7.625
16268482,6.625,7.5,6.82812,7.73438
16268522,6.5,7.5,6.4375,7.35938
16268562,6.5625,7.4375,6.40625,7.5
16268602,6.5625,7.4375,6.60938,7.39062
16268642,6.75,7.875,6.5625,7.4375
16268682,7.1875,7.4375,6.89062,8.20312
16268722,7.1875,7.4375,7.51562,7.10938
16268762,8.1875,6.8125,7.1875,7.4375
16268803,10.6875,6.3125,8.6875,6.5
16268843,12.1875,5.875,12.625,5.925
16268883,15.3125,5.3125,13.3125,5.54688
16268924,17,5.3125,17.6562,4.89062
16268965,17,5.3125,18.2348,5.3125
16269005,20.8125,6.0625,17,5.3125
16269045,20.8125,6.0625,23.6719,6.625
16269085,25.375,6.1875,20.8125,6.0625
16269125,29.875,6.1875,28.7969,6.28125
16269166,29.875,6.1875,33.25,6.1875
16269206,31.3125,6.1875,29.875,6.1875
16269246,31.3125,6.1875,32.4266,6.1875
16269286,36.0625,6.25,31.3125,6.1875
16269326,38.1875,6.1875,39.625,6.29688
16269366,40.625,6.3125,39.7812,6.14062
16269406,43.4375,6.4375,42.4531,6.40625
16269447,50.25,6,45.5469,6.53125
16269487,56.625,6.5625,55.3594,5.67188
16269527,56.625,6.5625,61.4062,6.98438
16269567,60.8125,6.1875,56.625,6.5625
16269608,65.5,6,64.4766,5.85938
16269648,69.9375,5.8125,69.0156,5.85938
16269690,77.75,6.125,73.2656,5.67188
16269730,82.6875,6.3125,83.657,6.36128
16269770,92.625,6.3125,86.3906,6.45312
16269810,95.375,6.25,97.5938,6.3125
16269851,95.375,6.25,97.5062,6.20156
16269891,104.375,4.875,95.375,6.25
16269931,106.5,6.8125,111.125,3.84375
16269973,106.438,10.625,108.2,8.3625
16270013,106.375,14.25,106.393,13.3482
16270053,108.625,22.125,106.328,16.9688
16270094,108.938,28.5,110.312,28.0312
16270134,108.938,28.5,109.172,33.2812
16270174,108.562,57.375,108.938,28.5
16270214,106.688,71.875,108.281,79.0312
16270254,108.562,88.6875,105.234,83.1125
16270294,104.938,103.625,109.969,101.297
16270334,97.3125,104.188,102.037,115.575
16270374,85.375,104.25,93.1187,104.497
16270417,64.375,104.062,76.4219,104.297
16270457,55,103.938,49.375,103.929
16270499,45.1875,104.188,47.9688,103.844
16270539,25.4375,103.875,37.7683,104.377
16270579,25.4375,103.875,10.625,103.641
16270619,8.8125,103.938,25.4375,103.875
16270660,7.5,99.875,-3.65625,103.984
16270703,5.9375,89.3125,6.53963,96.9024
16270743,5.9375,89.3125,4.78423,81.5164
16270783,7.625,82.125,5.9375,89.3125
16270823,7.625,82.125,8.89062,76.7344
16270863,9.6875,81.8125,7.625,82.125
16270903,13.625,83.0625,11.2344,81.5781
16270943,14.5,83.125,16.775,84.0625
16270983,14.5,83.125,15.1562,83.1719
16271024,18.75,77.875,14.5,83.125
16271064,18.75,77.875,22.15,73.675
16271104,23.5,62.625,18.75,77.875
16271145,26.4375,42.8125,27.1812,50.8063
16271185,26.4375,42.8125,28.6406,27.9531
16271225,34.1875,21.0625,26.4375,42.8125
16271265,36.9375,10.125,40,4.75
16271305,39.5,5.8125,39,1.92188
16271345,43.5,7.25,40.7812,3.65625
16271385,46,7,46.5,8.32812
16271425,49.3125,7.125,47.875,6.8125
16271466,58.4375,9.5,51.7969,7.21875
16271506,58.4375,9.5,65.2812,11.2812
16271546,71.1875,10.625,58.4375,9.5
16271586,71.1875,10.625,80.75,11.4688
16271626,76.3125,10.8125,71.1875,10.625
16271667,85.5625,8.875,80.4125,10.9625
16271707,85.5625,8.875,92.7312,7.37344
16271747,98.8125,7.4375,85.5625,8.875
16271787,104.188,6.25,105.438,6.71875
16271827,107.812,5.5,108.219,5.35938
16271869,107.875,9.25,110.531,4.9375
16271909,106.938,14.125,107.924,12.1768
16271949,107.5,17.4375,106.234,17.7812
16271989,107.75,22.3125,107.936,20.0047
16272029,107.625,24.25,107.938,25.9688
16272069,108.188,27,107.55,25.4125
16272112,107.875,31.0625,108.623,29.1313
16272152,108.5,46.1875,107.629,34.2545
16272192,108.5,46.1875,108.969,57.5312
16272233,108.188,60.25,108.5,46.1875
16272274,108.25,99.4375,107.959,70.5396
16272315,88.25,104.062,108.297,128.828
16272355,67.5625,103.188,73.6158,107.447
16272395,67.5625,103.188,52.0469,102.531
16272436,47.0625,102.312,67.5625,103.188
16272476,37.3125,102.25,31.175,101.634
16272517,19.125,103.438,30,102.203
16272557,19.125,103.438,5.48438,104.328
16272597,11.6875,103.562,19.125,103.438
16272637,6.875,97.625,7.96875,103.625
16272677,6.875,97.625,3.26562,93.1719
16272717,7.125,89.875,6.875,97.625
16272757,7.6875,89.4375,7.3125,84.0625
16272797,7.375,92.6875,8.10938,89.1094
16272838,8.1875,94,7.14062,95.125
16272878,9.5625,93.8125,8.79688,94.9844
16272919,11.4375,89.875,10.6281,93.6672
16272959,13.125,83.1875,12.8438,86.9219
16272999,15.8125,65.5625,14.3906,78.1719
16273039,20.5,55.25,17.8281,52.3438
16273079,25.25,45.1875,24.1328,47.2578
16273119,31.75,27.1875,28.8125,37.6406
16273161,35.8125,21.6875,36.625,13.6875
16273201,41.375,16.25,38.7851,17.6631
16273241,46.375,11.8125,45.5469,12.1719
16273281,52.375,7.625,50.375,8.2625
16273321,63.5625,6.4375,55.375,5.53125
16273361,69.3125,6.3125,71.9531,5.54688
16273401,76.625,6.5625,73.625,6.21875
16273442,82.0625,5.9375,82.1094,6.75
16273482,99.25,6.0625,86.1406,5.46875
16273522,106,6.375,112.57,6.15938
16273562,109.125,10.25,111.062,6.60938
16273602,106.438,9,111.469,13.1562
16273642,107.688,18.625,104.355,8.03125
16273683,107.688,25,108.625,25.8438
16273723,108.188,39.5625,107.688,28.6656
16273763,109.625,49.4375,108.562,50.4844
16273803,107.812,52.1875,110.703,56.8438
16273843,108.312,64.625,106.453,54.25
16273883,107.625,75,108.713,74.575
16273923,107.875,95.625,107.109,82.7812
16273963,103.562,103.812,108.062,111.094
16274004,84.25,103.5,100.22,110.158
16274045,84.25,103.5,69.7656,103.266
16274085,68.3125,104.125,84.25,103.5
16274127,59.6875,104,56.3594,104.594
16274167,59.6875,104,53.3765,103.909
16274207,44.0625,103.938,59.6875,104
16274248,37.25,103.688,32.3438,103.891
16274288,31.0625,103.625,32.1406,103.5
16274328,18,103.75,26.4219,103.578
16274368,12.3125,104,10.4891,103.822
16274411,7.9375,103.438,8.04688,104.188
16274451,7.875,101.25,4.8125,103.036
16274491,7.25,98.9375,7.82812,99.6094
16274531,6.875,96.375,6.76562,97.1453
16274571,7,97.3125,6.575,94.325
16274611,7.125,98.6875,7.09375,98.0156
16274654,7.125,100,7.21875,99.7188
16274694,7,97.625,7.125,100.977
16274735,6.375,91.6875,6.90625,95.8438
16274775,6.375,88,5.90625,87.2344
16274815,4.1875,77,6.375,85.2344
16274855,6.125,68.375,2.98438,70.95
16274895,7,59,7.57812,61.9062
16274938,5.1875,41.25,7.65625,51.9688
16274978,5.1875,41.25,3.92297,28.8663
16275018,6.0625,28.0625,5.1875,41.25
16275059,8.5,22.25,6.71875,18.1719
16275099,8.25,9.9375,10.5109,17.4547
16275139,9.1875,6.25,8.0625,0.703125
16275179,13.875,7.1875,9.9375,3.3
16275219,14.4375,7,16.2188,7.65625
16275259,18.5625,6,14.8594,6.85938
16275299,18.5625,6,21.6562,5.25
16275339,19.5625,6.3125,18.5625,6
16275380,18.8125,6.375,20.3125,6.54688
16275420,17.625,6.5625,18.25,6.42188
16275460,16.375,6.5625,16.7344,6.70312
16275500,10.3125,6.5625,15.4375,6.5625
16275540,6.875,6.6875,5.76562,6.5625
16275583,7.125,7.5,4.29688,6.78125
16275623,6.9375,8.25,7.30357,8.08036
16275663,6.9375,8.5625,6.79688,8.8125
16275703,6.9375,8.3125,6.9375,8.79688
16275743,6.9375,8.3125,6.9375,8.11875
16275783,7,7.5625,6.9375,8.3125
16275824,7.125,7.3125,7.04688,7
16275864,7.375,7.1875,7.21875,7.125
16275904,7.375,7.1875,7.5625,7.09375
16275944,7.6875,7.0625,7.375,7.1875
16275984,7.75,6.9375,7.9375,6.9625
16276024,7.8125,7,7.79688,6.84375
16276064,8.0625,6.8125,7.85,7.0375
16276107,8.0625,6.8125,8.25625,6.66719
16276147,8.4375,6.875,8.0625,6.8125
16276187,9.875,6,8.625,6.90625
16276227,9.875,6,10.9531,5.34375
16276267,11,6.125,9.875,6
16276307,14.3125,6.3125,11.8438,6.21875
16276347,14.3125,6.3125,16.7969,6.45312
16276387,20.125,6.4375,14.3125,6.3125
16276427,21.5625,6.4375,24.4844,6.53125
16276468,21.5625,6.4375,22.6406,6.4375
16276508,27.0625,6.3125,21.5625,6.4375
16276548,30.625,6.3125,31.1875,6.21875
16276588,32.75,6.25,33.2969,6.3125
16276628,34.75,6.125,34.3969,6.20156
16276668,35.6875,5.5625,36.25,6.03125
16276708,39.3125,5.4375,36.1797,5.26719
16276749,41.0625,5.6875,42.0312,5.34375
16276789,46.875,6.1875,42.4188,5.88125
16276829,50.75,6.25,51.2344,6.5625
16276869,58,6.6875,53.6562,6.29688
16276909,63.125,6.5,63.4375,7.01562
16276950,67.5625,6.375,66.9688,6.35938
16276990,67.5625,6.375,70.8906,6.28125
16277030,79.5,6.125,67.5625,6.375
16277070,84.375,4.8125,88.4531,5.9375
16277110,89.1875,5.4375,88.0312,3.82812
16277150,93.625,6.125,92.7969,5.90625
16277191,105.625,5.9375,95.8438,6.46875
16277231,105.625,5.9375,114.625,5.79688
16277271,107.688,10.375,105.625,5.9375
16277311,106.25,13.9375,109.234,13.7031
16277351,106.562,19.375,105.172,16.6094
16277391,106.812,23.1875,106.797,23.4531
16277433,108.438,27.75,106.944,25.1891
16277473,108,44.125,109.627,31.0884
16277515,108,44.125,107.562,60.5
16277555,108.438,74.25,108,44.125
16277596,108.062,92.3125,108.766,96.8438
16277636,104.812,104.062,107.781,105.859
16277676,81.875,104.438,102.375,112.875
16277716,71.125,103.562,64.6719,104.719
16277756,61.125,103.562,63.0625,102.906
16277796,51.3125,103.688,53.625,103.562
16277837,41.6875,104,43.9531,103.781
16277877,32.5,103.562,34.4688,104.234
16277917,15.125,103.812,25.6094,103.234
16277957,8.5,102.75,2.09375,104
16277997,7.5625,99.375,3.53125,101.953
16278037,7.0625,94.875,6.85938,96.8438
16278078,6.0625,89.6875,6.6875,91.5
16278118,6.0625,89.6875,5.3125,85.7969
16278158,6.25,88.4375,6.0625,89.6875
16278198,11.3125,91.125,6.39062,87.5
16278238,12.4375,93.6875,15.1094,93.1406
16278278,12.9375,96.1875,13.2812,95.6094
16278323,12.875,97.4375,13.4375,98.6875
16278363,13.1875,92.6875,12.8324,98.2898
16278403,14.5,87.5625,13.4219,89.125
16278444,17.8125,77.8125,15.4844,83.7188
16278484,21.625,66.9375,19.4284,73.0564
16278524,21.625,66.9375,24.4844,58.7812
16278566,27.25,53.0625,21.625,66.9375
16278606,32,48.25,31.3659,42.9101
16278647,40.6875,40.0625,35.5625,44.6406
16278687,47.1875,36.1875,47.2031,33.9219
16278730,52.875,32.875,52.0625,33.2812
16278770,57.5,29.6875,56.843,30.564
16278810,61.9375,25.625,61.2,27.1375
16278851,76.75,17.6875,65.2656,22.5781
16278893,83.6875,12.1875,88.9703,11.1391
16278933,91.6875,7.375,87.1562,9.4375
16278973,98.75,6.375,97.6875,3.76562
16279013,105.562,6,104.047,5.625
16279053,106.25,10.9375,110.672,5.71875
16279093,106.25,10.9375,106.766,14.6406
16279134,105.562,20.4375,106.25,10.9375
16279174,105.562,20.4375,105.047,27.5625
16279214,106.75,21.625,105.562,20.4375
16279254,107.062,21.8125,107.641,22.5156
16279294,106.562,22,107.297,21.9531
16279334,107,19.9375,106.188,22.1406
16279375,107.938,30.25,107.328,18.3906
16279415,108.938,45.0625,108.641,37.9844
16279455,108.062,75.75,109.688,56.1719
16279495,108.312,96.0625,107.406,98.7656
16279535,103.938,104.062,108.438,106.219
16279575,67.375,103.562,100.656,110.062
16279615,67.375,103.562,39.9531,103.188
16279655,57.125,103.188,67.375,103.562
16279697,57.125,103.188,48.925,102.887
16279737,35.75,103.875,57.125,103.188
16279777,16.375,103.688,25.0625,104.219
16279817,7.9375,103.438,1.84375,103.547
16279858,6.875,99.375,1.39844,103.244
16279898,6.875,99.375,6.09756,96.4024
16279939,7.25,91.9375,6.875,99.375
16279979,7.25,91.9375,7.53125,86.3594
16280019,7.9375,95.125,7.25,91.9375
16280059,8.625,98,8.45312,97.5156
16280099,9.5,99.0625,9.14062,100.156
16280139,12.625,94.25,10.1562,99.8594
16280179,14.125,88.875,15.125,90.4
16280221,14.8125,82.875,15.25,84.8438
16280261,20.1875,76.0625,15.3155,78.4847
16280301,28.5625,62.5,24.2188,70.9531
16280342,33.625,56.6875,34.8438,52.3281
16280382,33.625,56.6875,36.5359,53.3453
16280423,41.375,49.6875,33.625,56.6875
16280463,53.8125,44.875,47.1875,44.4375
16280504,53.8125,44.875,63.1406,41.2656
16280544,60.3125,42.9375,53.8125,44.875
16280584,72.875,38.375,65.1875,41.4844
16280624,86,32.125,82.2969,34.9531
16280664,95.1875,28.5625,95.8438,27.4375
16280705,102.75,24.8125,102.078,25.8906
16280745,108,20.1875,108.422,22
16280785,106.188,16.125,111.938,16.7188
16280827,106.188,11.625,104.783,12.9766
16280867,107.562,7.5625,106.188,8.33232
16280907,104.938,6,108.594,4.51562
16280948,104.375,6,102.969,4.82812
16280988,102.188,6.25,103.953,6
16281028,100.188,6.1875,100.547,6.4375
16281068,95.6875,6.5625,99.1875,6.15625
16281108,97.9375,16,92.3125,6.84375
16281149,96.5,30.0625,99.625,23.0781
16281190,97.1875,46.25,95.4482,40.3521
16281230,95.5625,64.4375,97.7031,58.3906
16281270,99.375,104.812,94.3031,78.5328
16281310,97.0625,103.125,102.234,135.094
16281351,100.312,96.5,95.3281,101.859
16281394,102.438,94.5625,102.75,91.5312
16281434,102.438,94.5625,103.955,93.1786
16281474,104.125,92.75,102.438,94.5625
16281514,105.375,95.1875,105.391,91.3906
16281554,105.5,101,106.312,97.0156
16281596,103.062,103.125,105.594,105.359
16281636,97.5,104.062,101.279,104.68
16281676,86.3125,104,93.1891,104.789
16281716,81.75,104.125,77.9219,103.953
16281756,70.625,102.875,77.9859,104.228
16281796,66.5625,101.938,62.2812,101.938
16281838,62.5625,101.375,63.5156,101.234
16281878,59.3125,100.75,59.6357,100.963
16281919,56.4375,100.75,56.875,100.281
16281959,54.75,101.688,54.2812,100.75
16281999,48.625,103.562,53.4844,102.391
16282039,46.5625,103.562,44.0312,104.969
16282079,44.4375,103.562,45.5312,103.562
16282120,41.75,103.562,42.8438,103.562
16282160,38.3125,103.562,39.7344,103.562
16282200,33.1875,103.938,35.7344,103.562
16282240,32.25,103.562,29.2156,104.228
16282280,30.875,101.188,31.5469,103.281
16282320,30.0625,95.9375,29.8438,99.4062
16282361,28.1875,90.1875,29.4531,92
16282401,25.1875,79.75,26.7812,85.875
16282441,24.1875,75.6875,22.9375,71.9219
16282482,22.4375,72.875,23.4375,72.6406
16282522,21.25,70.875,21.125,70.7656
16282562,18.125,68.6875,20.3594,69.375
16282602,13.1875,65.9375,15.7812,67.0469
16282643,9.75,65.5,10.7188,64.5625
16282684,7.125,65.4375,7.94531,65.2703
16282724,7.1875,66.5625,5.20427,65.3918
16282764,7.5,67.5625,7.23438,67.4062
16282804,7.75,68.75,7.75,68.3625
16282844,8.4375,69.75,7.9375,69.6406
16282884,10.3125,70.25,8.95312,70.5
16282924,13.6875,71.3125,11.2969,70.5125
16282968,13.6875,71.3125,16.3875,72.1625
16283008,16.5625,71.25,13.6875,71.3125
16283049,17.875,71.1875,18.7188,71.2031
16283089,19.9375,71.25,18.8594,71.1406
16283129,20.625,71.25,21.4844,71.2969
16283169,21.125,71.375,21.1406,71.25
16283209,21.6875,71.5625,21.5125,71.4719
16283250,21.875,71.8125,22.1094,71.7031
16283290,21.75,72.3125,21.9688,71.9375
16283330,21.75,72.8125,21.6562,72.6875
16283370,21.5,73.5,21.75,73.1875
16283410,21.5,73.5,21.3125,74.0156
16283450,21,74,21.5,73.5
16283492,20.125,75.5,20.625,74.375
16283534,19.5625,76.4375,19.4848,76.5976
16283574,19,77.5,19.1607,77.1071
16283615,18.375,78.6875,18.5359,78.3766
16283655,17.625,81,17.9062,79.5781
16283695,17.625,81,17.0625,82.7344
16283735,16.3125,83.875,17.625,81
16283775,16.125,85.1875,15.3281,86.0312
16283815,16,85.9375,15.9844,86.1719
16283855,15.8125,87.125,15.9062,86.5
16283896,16.125,87.6875,15.6719,88.0156
16283936,16.625,88.25,16.3594,88.1094
16283976,17.3125,88.75,17,88.6719
16284017,19.25,89.375,17.8281,89.125
16284058,19.25,89.375,20.7031,89.8438
16284098,22.625,90.25,19.25,89.375
16284138,22.6875,90.375,25.4094,90.9719
16284178,24.0625,90.625,22.7203,90.4406
16284218,26.25,91.375,25.0938,90.8125
16284258,27.1875,92,27.8906,91.9375
16284298,27.1875,92,27.8906,92.4688
16284338,29.4375,93.75,27.1875,92
16284379,29.6875,94.625,31.125,95.0625
16284419,29.8125,95.4375,29.8875,95.325
16284459,29.1875,96.25,29.9062,96.0469
16284499,28.375,97.3125,28.875,96.6562
16284539,27.3125,99.75,27.7656,98.1094
16284579,26.375,101.125,26.5156,101.578
16284619,24.75,102.25,25.6719,102.156
16284660,24.3125,102.562,23.5312,103.094
16284700,24.125,103.062,23.9844,102.797
16284741,23.75,103.438,23.9844,103.438
16284781,23.3125,103.75,23.4688,103.719
16284821,23.9375,104.125,22.9844,103.984
16284861,24.6875,104.062,24.4062,104.406
16284901,25.75,104.062,25.25,104.016
16284941,26.5625,103.938,26.5469,104.062
16284981,29.1875,102.875,27.1719,103.844
16285021,29.5,102.625,31.1562,102.078
16285061,29.875,101.625,29.7344,102.438
16285102,29.875,101.625,30.1562,100.875
16285142,30.3125,101.188,29.875,101.625
16285182,30.3125,99.625,30.6406,100.859
16285222,30.3125,98.625,30.3125,98.8438
16285262,30.3125,97.5,30.3125,97.875
16285302,29.9375,96.625,30.3125,96.6562
16285342,30.0625,95.5,29.6469,95.9469
16285382,30.0625,94.8125,30.1562,94.6562
16285423,30.0625,94.4375,30.0625,94.2969
16285463,30,94.0625,30.0625,94.1562
16285503,29.875,93.6875,29.9531,93.7812
16285543,29.8125,93.4375,29.7812,93.4062
16285583,29.6875,93.1875,29.7656,93.25
16285623,29.6875,93.0625,29.5938,93
16285663,29.8125,93.0625,29.6875,92.9688
16285703,29.8125,93.0625,29.9062,93.0625
16285745,29.75,93.1875,29.8125,93.0625
16285785,29.875,93.6875,29.7043,93.279
16285825,29.875,93.875,29.9688,94.0625
16285865,29.9375,94.125,29.875,94.0156
16285905,29.9375,94.125,29.9844,94.3125
16285946,29.9375,94.625,29.9375,94.125
16285986,29.8125,94.9375,29.9375,95
16286026,29.75,95.375,29.75,95.0938
16286066,29.375,96.4375,29.7031,95.7031
16286106,29.375,96.4375,29.0938,97.2344
16286146,29,97.6875,29.375,96.4375
16286186,29,98.375,28.7188,98.625
16286226,28.875,99.1875,29,98.8906
16286266,28.6875,100.875,28.7812,99.7969
16286307,28.125,101.125,28.5469,102.141
16286347,27.9375,101.375,27.7031,101.312
16286387,27.75,101.562,27.7969,101.562
16286427,27.75,101.562,27.6094,101.703
16286467,27.4375,102.5,27.75,101.562
16286509,27.125,102.562,27.2031,103.203
16286549,26.3125,103,26.8963,102.608
16286589,25.875,103.062,25.7031,103.328
16286629,25.5,103.5,25.5469,103.109
16286669,25.25,103.812,25.2188,103.828
16286709,25.25,103.812,25.0625,104.047
16286749,26,103.875,25.25,103.812
16286789,25.8125,103.562,26.375,103.906
16286829,25.75,103.125,25.6719,103.328
16286870,25.5,103.25,25.7031,102.797
16286910,25.5,103.25,25.3,103.35
16286950,25.875,102.75,25.5,103.25
16286991,25.875,102.5,26.1562,102.375
16287031,25.8125,102,25.875,102.312
16287071,25.625,101.938,25.7656,101.625
16287111,25.6875,101.75,25.4844,101.891
16287151,25.5,101.562,25.7344,101.609
16287192,25.5625,101.5,25.3594,101.422
16287233,26.25,101.125,25.6082,101.454
16287273,25.5625,100.688,26.7828,100.834
16287313,25.5625,100.688,25.0297,100.348
16287353,26.25,99.6875,25.5625,100.688
16287393,26.6875,99.25,26.7656,98.9375
16287433,27,98.875,27.0156,98.9219
16287473,27.3125,98.25,27.2344,98.5938
16287514,27.375,98.1875,27.4688,97.9375
16287554,27.375,98.25,27.4219,98.1406
16287594,27.375,98.0625,27.375,98.3016
16287634,27.1875,98.3125,27.375,97.9219
16287674,26.6875,98.9375,27.0469,98.5
16287714,27.1875,99.1875,26.3125,99.4062
16287754,27.1875,99.75,27.5625,99.375
16287794,27.1875,100.125,27.1875,100.172
16287835,27,100.938,27.1875,100.406
16287877,27,100.938,26.8594,101.547
16287917,26.625,101.312,27,100.938
16287957,26.4375,101.375,26.3438,101.594
16287998,26.625,101.438,26.2969,101.422
16288038,26.375,101.375,26.7656,101.484
16288078,27.375,101.25,26.1875,101.328
16288118,26.5,101.188,28.125,101.156
16288158,26.5,100.812,25.8438,101.141
16288198,26.5,100.062,26.5,100.531
16288238,26.9375,99.8125,26.5,99.5
16288278,26.9375,99.8125,27.2656,99.625
16288318,27,99.3125,26.9375,99.8125
16288359,26.875,99.25,27.0469,98.9375
16288399,27.125,99.25,26.7812,99.2031
16288439,27.4375,98.75,27.3125,99.25
16288479,27.6875,99.1875,27.6719,98.375
16288519,27.6875,98.875,27.875,99.5156
16288559,27.375,99.1875,27.6875,98.7031
16288599,27.0625,99.125,27.1406,99.4219
16288639,26.9375,99.1875,26.8281,99.0781
16288680,27.4375,99.25,26.8438,99.2344
16288720,27.1875,99.5,27.8125,99.2969
16288760,27.5,99.5625,27,99.6875
16288800,27.1875,99.25,27.7422,99.6109
16288840,27.3125,99.4375,26.9531,99.0156
16288880,27,99.3125,27.4062,99.5781
16288920,27,99.3125,26.7578,99.2156
16288960,27.4375,98.9375,27,99.3125
16289000,27.375,99.3125,27.7656,98.6562
16289041,27.3125,99.5625,27.3438,99.5
16289081,27,99.5625,27.2656,99.75
16289121,27.3125,99.5,26.7656,99.5625
16289161,27.0625,99.5,27.5469,99.4531
16289201,27.0625,99.5625,26.875,99.5
16289241,27.0625,99.5625,27.0625,99.6109
16289281,27.3125,99.5625,27.0625,99.5625
16289322,27.3125,99.5625,27.5063,99.5625
16289362,27.25,99.4375,27.3125,99.5625
16289402,27.3125,99.4375,27.2016,99.3406
16289442,27.25,99.5625,27.3594,99.4375
16289482,27.25,99.5625,27.2031,99.6562
16289522,27.0625,99.5625,27.25,99.5625
16289562,27,99.5625,26.9219,99.5625
16289602,27.0625,99.4375,26.9531,99.5625
16289643,27,99.5625,27.1094,99.3438
16289683,27,99.25,26.9531,99.6562
16289723,27.0625,99.3125,27,99.0156
16289763,27.0625,99.25,27.1094,99.3594
16289803,27,99.3125,27.0625,99.2031
16289843,27.0625,99.5,26.9531,99.3594
16289883,27.0625,99.5625,27.1094,99.6406
16289923,27.0625,99.5625,27.0625,99.6094
16289963,27.25,99.5625,27.0625,99.5625
16290004,27.0625,99.5625,27.3906,99.5625
16290044,27.0625,99.5625,26.9219,99.5625
16290084,27.0625,99.5,27.0625,99.5625
16290125,27.0625,99.5,27.0625,99.4531
16290165,27.25,99.5625,27.0625,99.5
16290205,27.25,99.5625,27.3906,99.6094
16290245,27.1875,99.5625,27.25,99.5625
16290285,27.1875,99.5625,27.1406,99.5625
16290325,27,99.5625,27.1875,99.5625
16290365,27,99.5625,26.8547,99.5625
16290405,27,99.5625,27,99.5625
16290446,27.25,99.3125,27,99.5625
16290486,27.1875,99.3125,27.4375,99.125
16290526,27.1875,99.3125,27.1406,99.3125
16290566,27.1875,99.3125,27.1875,99.3125
16290606,27.1875,99.3125,27.1875,99.3125
16290646,27.1875,99.3125,27.1875,99.3125
16290686,27.1875,99.3125,27.1875,99.3125
16290726,27.1875,99.3125,27.1875,99.3125
16290766,27.1875,99.3125,27.1875,99.3125
16290807,27,99.3125,27.1875,99.3125
16290847,27,99.25,26.8594,99.3125
16290887,27.25,99.25,27,99.2031
16290927,27.25,99.375,27.3813,99.25
16290967,27.3125,99.5625,27.25,99.4688
16291007,27.25,99.5625,27.3594,99.7031
16291047,27,99.5625,27.2031,99.5625
16291088,27.0625,99.4375,26.8125,99.5625
16291128,27.0625,99.4375,27.1094,99.3438
16291168,27.3125,99.25,27.0625,99.4375
16291208,27,99.25,27.5,99.1094
16291248,27.25,99.25,26.7656,99.25
16291288,27.3125,99.4375,27.4375,99.25
16291328,27.3125,99.1875,27.3609,99.5828
16291368,27.125,99.375,27.3125,99
16291408,27.125,99.375,26.9844,99.5156
16291449,27.125,99.375,27.125,99.375
16291489,27.3125,99.3125,27.125,99.375
16291529,27.125,99.5,27.4531,99.2656
16291569,27.0625,99.4375,26.9844,99.6406
16291609,27.0625,99.4375,27.0156,99.3906
16291649,27.0625,99.4375,27.0625,99.4375
16291689,27.0625,99.4375,27.0625,99.4375
16291729,27.125,99.4375,27.0625,99.4375
16291769,27.125,99.375,27.1719,99.4375
16291810,27.125,99.4375,27.125,99.3266
16291850,27.375,99.4375,27.125,99.4844
16291891,27.375,99.4375,27.5625,99.4375
16291931,27.125,99.4375,27.375,99.4375
16291971,27.375,99.4375,26.9375,99.4375
16292012,27.375,99.4375,27.5625,99.4375
16292052,27.375,99.4375,27.375,99.4375
16292092,27.125,99.4375,27.375,99.4375
16292132,27.125,99.4375,26.9375,99.4375
16292172,27.375,99.4375,27.125,99.4375
16292212,27.3125,99.4375,27.5625,99.4375
16292252,27.125,99.4375,27.2656,99.4375
16292292,27.125,99.4375,26.9844,99.4375
16292333,27.125,99.4375,27.125,99.4375
16292373,27.125,99.4375,27.125,99.4375
16292413,27.125,99.3125,27.125,99.4375
16292453,27.125,99.1875,27.125,99.2188
16292493,27.0625,99.1875,27.125,99.0938
16292533,27.3125,99.4375,27.0141,99.1875
16292574,27.3125,99.4375,27.5,99.625
16292614,27.3125,99.25,27.3125,99.4375
16292654,27.3125,99.25,27.3125,99.1094
16292694,27.3125,99.25,27.3125,99.25
16292734,27.3125,99.25,27.3125,99.25
16292775,27.3125,99.25,27.3125,99.25
16292815,27.125,99.25,27.3125,99.25
16292856,27.3125,99.25,26.9844,99.25
16292896,27.3125,99.3125,27.4531,99.25
16292936,27.125,99.3125,27.3125,99.3594
16292976,27.125,99.3125,26.9844,99.3125
16293016,27.125,99.25,27.125,99.3125
16293056,27.125,99.25,27.125,99.2031
16293097,27.125,99.25,27.125,99.25
16293137,27.3125,99.25,27.125,99.25
16293177,27.3125,99.25,27.4531,99.25
16293217,27.125,99.25,27.3125,99.25
16293258,27.125,99.25,26.9844,99.25
16293298,27.125,99.25,27.125,99.25
16293338,27.125,99.25,27.125,99.25
16293378,27.125,99.25,27.125,99.25
16293418,27.125,99.25,27.125,99.25
16293458,27.125,99.25,27.125,99.25
16293499,27.125,99.1875,27.125,99.25
16293539,27.125,99.3125,27.125,99.1406
16293579,27.125,99.3125,27.125,99.4062
16293619,27.3125,99.1875,27.125,99.3125
16293659,27.3125,99.1875,27.4531,99.0938
16293699,27.3125,99.1875,27.3125,99.1875
16293740,27.3125,99.1875,27.3125,99.1875
16293780,27.125,99.1875,27.3125,99.1875
16293820,27.125,99.1875,26.9797,99.1875
16293860,27.125,99.1875,27.125,99.1875
16293900,27.125,99.1875,27.125,99.1875
16293941,27.125,99.4375,27.125,99.1875
16293981,27.125,99.25,27.125,99.625
16294021,27.125,99.25,27.125,99.1094
16294061,27.125,99.25,27.125,99.25
16294101,27.125,99.25,27.125,99.25
16294141,27.125,99.1875,27.125,99.25
16294181,27.3125,99.1875,27.125,99.1406
16294221,27.125,99.25,27.4531,99.1875
16294262,27.3125,99.1875,26.9844,99.2969
16294302,27.3125,99.1875,27.4531,99.1406
16294342,27.125,99.125,27.3125,99.1875
16294382,27.1875,99.125,26.9844,99.0781
16294422,27.3125,99.4375,27.2344,99.125
16294462,27.3125,99.4375,27.4062,99.6719
16294502,27.125,99.4375,27.3125,99.4375
16294542,27.3125,99.3125,26.9844,99.4375
16294583,27.3125,99.375,27.4531,99.2188
16294623,27.125,99.4375,27.3125,99.4219
16294663,27.3125,99.4375,26.9844,99.4844
16294703,27.3125,99.3125,27.4531,99.4375
16294743,27.0625,99.3125,27.3125,99.2188
16294783,27.3125,99.3125,26.875,99.3125
16294823,27.125,99.3125,27.5,99.3125
16294863,27.125,99.3125,26.9844,99.3125
16294904,27.3125,99.3125,27.125,99.3125
16294944,27.3125,99.3125,27.4578,99.3125
16294984,27.3125,99.3125,27.3125,99.3125
16295024,27.3125,99.3125,27.3125,99.3125
16295064,27.3125,99.4375,27.3125,99.3125
16295104,27.3125,99.4375,27.3125,99.5312
16295144,27.3125,99.4375,27.3125,99.4375
16295184,27.3125,99.4375,27.3125,99.4375
16295224,27.3125,99.4375,27.3125,99.4375
16295265,27.3125,99.4375,27.3125,99.4375
16295305,27.3125,99.4375,27.3125,99.4375
16295345,27.3125,99.3125,27.3125,99.4375
16295385,27.3125,99.3125,27.3125,99.2188
16295425,27.125,99.3125,27.3125,99.3125
16295465,27.3125,99.3125,26.9797,99.3125
16295505,27.125,99.3125,27.4531,99.3125
16295545,27.125,99.3125,26.9844,99.3125
16295585,27.125,99.3125,27.125,99.3125
16295626,27.125,99.3125,27.125,99.3125
16295666,27.125,99.4375,27.125,99.3125
16295706,27.125,99.4375,27.125,99.5
16295746,27.3125,99.4375,27.125,99.4375
16295786,27.125,99.4375,27.4531,99.4375
16295826,27.125,99.4375,26.9844,99.4375
16295866,27.125,99.4375,27.125,99.4375
16295907,27.0625,99.4375,27.125,99.4375
16295947,27.125,99.4375,27.0156,99.4375
16295987,27.125,99.4375,27.1719,99.4375
16296027,27.125,99.4375,27.125,99.4375
16296067,27.3125,99.4375,27.125,99.4375
16296108,27.3125,99.4375,27.4531,99.4375
16296148,27.3125,99.4375,27.3125,99.4375
16296188,27.3125,99.4375,27.3125,99.4375
16296228,27.375,99.4375,27.3125,99.4375
16296268,27.125,99.4375,27.4219,99.4375
16296308,27.125,99.4375,26.9375,99.4375
16296348,27.125,99.4375,27.125,99.4375
16296388,27.125,99.4375,27.125,99.4375
16296429,27.3125,99.5,27.125,99.4375
16296469,27.375,99.5,27.4531,99.5469
16296509,27.375,99.4375,27.4219,99.5
16296549,27.375,99.4375,27.375,99.3906
16296589,27.375,99.4375,27.375,99.4375
16296629,27.125,99.4375,27.375,99.4375
16296669,27.375,99.4375,26.925,99.4375
16296710,27.375,99.1875,27.5625,99.4375
16296750,27.3125,99.1875,27.375,99
16296790,27.3125,99.4375,27.2656,99.1875
16296830,27.3125,99.4375,27.3125,99.625
16296870,27.3125,99.1875,27.3125,99.4375
16296910,27.3125,99.1875,27.3125,99
16296950,27.3125,99.1875,27.3125,99.1875
16296991,27.3125,99.1875,27.3125,99.1875
16297031,27.3125,99.4375,27.3125,99.1875
16297071,27.3125,99.4375,27.3125,99.625
16297111,27.3125,99.4375,27.3125,99.4375
16297153,27.3125,99.4375,27.3125,99.4375
16297196,27.3125,99.4375,27.3125,99.4375
16297236,27.3125,99.25,27.3125,99.4375
16297276,27.3125,99.25,27.3125,99.1094
16297316,27.125,99.25,27.3125,99.25
16297356,27.125,99.4375,26.975,99.25
16297396,27.3125,99.4375,27.125,99.5781
16297436,27.3125,99.5,27.4531,99.4375
16297477,27.125,99.5,27.3125,99.5469
16297517,27.375,99.4375,26.9844,99.5
16297557,27.375,99.4375,27.5,99.4062
16297597,27.375,99.4375,27.375,99.4375
16297637,27.5,99.375,27.375,99.4375
16297677,27.1875,98.5625,27.5938,99.3281
16297717,28,99.75,26.9531,97.9531
16297757,28.625,101.25,28.6094,100.641
16297797,29.625,102.062,29.125,102.45
16297837,31.9375,103.75,30.375,102.672
16297878,32.9375,103.562,33.6719,105.016
16297918,34.0625,103.688,33.6875,103.422
16297958,37.5,103.812,34.9062,103.781
16297998,37.5,103.812,40.0781,103.906
16298038,37.5,103.812,37.5,103.812
16298078,37.5,103.812,37.5,103.812
16298118,40.3125,103.938,37.5,103.812
16298158,40.3125,103.938,42.4219,104.031
16298199,40.3125,103.938,40.3125,103.938
16298239,40.3125,103.938,40.3125,103.938
16298280,40.3125,103.938,40.3125,103.938
16298320,40.3125,103.938,40.3125,103.938
16298360,40.3125,103.938,40.3125,103.938
16298401,40.3125,103.938,40.3125,103.938
16298441,42.25,103.938,40.3125,103.938
16298481,45.5625,104,43.2672,103.938
16298521,49.4375,104,48.0469,104.047
16298561,57.0625,103.875,52.3438,104
16298602,59.5,103.875,61.2562,103.806
16298642,76.9375,104.062,61.3891,103.875
16298682,76.9375,104.062,90.4516,104.208
16298722,80.125,104.188,76.9375,104.062
16298763,82.5625,104.125,82.5156,104.281
16298803,85.5,104.125,84.3906,104.078
16298843,89.9375,104.062,87.7031,104.125
16298883,92.0625,104.062,93.2656,104.016
16298923,94.75,104,93.6562,104.062
16298963,94.75,104,96.7656,103.953
16299003,94.75,104,94.75,104
16299043,94.75,104,94.75,104
16299084,103.688,102.062,94.75,104
16299124,104.5,102,110.391,100.609
16299164,104.5,102,105.109,101.953
16299204,104.5,102,104.5,102
16299244,104.5,102,104.5,102
16299284,100.312,104,104.5,102
16299325,92.6875,104.062,97.1719,105.5
16299365,92.6875,104.062,86.9688,104.109
16299405,92.6875,104.062,92.6875,104.062
16299445,92.6875,104.062,92.6875,104.062
16299487,84.3125,104.125,92.6875,104.062
16299527,76.75,104.062,78.1845,104.171
16299567,74.4375,104.062,71.0781,104.016
16299609,72.5625,103.938,72.7031,104.062
16299649,67.4375,103.75,71.1906,103.846
16299690,64.6875,103.75,63.5938,103.609
16299730,61.6875,103.875,62.625,103.75
16299770,61.6875,103.875,59.4375,103.969
16299810,61.6875,103.875,61.6875,103.875
16299850,61.6875,103.875,61.6875,103.875
16299890,61.6875,103.875,61.6875,103.875
16299930,58.4375,103.875,61.6875,103.875
16299971,53.625,103.812,56,103.875
16300011,52.125,103.938,49.5344,103.759
16300051,51.9375,104,51,104.031
16300091,52.875,103.938,51.7969,104.047
16300131,54.5625,103.938,53.5781,103.891
16300172,55.9375,103.938,55.4062,103.938
16300213,55.9375,103.938,57.0375,103.938
16300253,55.9375,103.938,55.9375,103.938
16300293,58.4375,103.875,55.9375,103.938
16300333,62.75,104,60.3125,103.828
16300373,64.875,104,65.9844,104.094
16300414,64.875,104,66.4688,104
16300454,64.875,104,64.875,104
16300497,64.875,104,64.875,104
16300537,71.3125,104.062,64.875,104
16300578,73.875,104.188,76.1406,104.109
16300618,73.875,104.188,75.7969,104.281
16300658,73.875,104.188,73.875,104.188
16300698,75.75,104.438,73.875,104.188
16300738,79.5,104.25,76.6875,104.562
16300778,80.625,104.125,82.3125,104.109
16300823,80.625,104.125,81.4969,104.028
16300863,80.625,104.125,80.625,104.125
16300903,82.9375,104.125,80.625,104.125
16300943,85.25,104.312,84.6719,104.125
16300984,88.125,104.188,87.0422,104.458
16301028,88.125,104.188,90.2812,104.094
16301068,88.125,104.188,88.125,104.188
16301108,90.375,104.062,88.125,104.188
16301148,90.125,104,92.0625,103.969
16301188,88.8125,104,89.9375,103.953
16301228,88.8125,104,87.8281,104
16301268,88.8125,104,88.8125,104
16301311,87.4375,104.062,88.8125,104
16301352,83.5625,104.062,86.4462,104.108
16301392,82.875,104.125,80.5594,104.062
16301432,82.875,104.125,82.3594,104.172
16301473,82.5625,104.125,82.875,104.125
16301513,81.3125,104.062,82.4062,104.125
16301554,80.875,104.062,80.375,104.016
16301594,80.375,104.062,80.5469,104.062
16301634,79.625,104.062,80,104.062
16301674,78.9375,104.062,79.0625,104.062
16301714,78,104.125,78.4047,104.062
16301755,78,104.125,77.2969,104.172
16301795,77.8125,104.062,78,104.125
16301835,78.1875,104.062,77.6719,104.016
16301875,78.6875,104.062,78.4781,104.062
16301915,79.0625,104.062,79.0625,104.062
16301955,79.5625,104.125,79.3438,104.062
16301995,79.75,104.125,79.95,104.173
16302036,79.875,104.125,79.8906,104.125
16302076,79.5,104.125,79.9688,104.125
16302116,79.6875,104.188,79.2188,104.125
16302156,79.1875,104.188,79.7812,104.219
16302196,79.1875,104.188,78.8125,104.188
16302236,78.8125,104.188,79.1875,104.188
16302276,78.375,104.188,78.5312,104.188
16302316,78,104.125,78.0469,104.188
16302356,78,104.125,77.7188,104.078
16302397,78.4375,104.25,78,104.125
16302437,78.6875,104.062,78.7656,104.344
16302479,78.875,104.062,78.875,103.922
16302519,78.8125,104.25,79.0089,104.062
16302559,78.75,104.125,78.7641,104.395
16302599,78.5,104.125,78.7031,104.031
16302639,78.25,104.125,78.3125,104.125
16302680,78.1875,104.062,78.0625,104.125
16302720,78.625,104.125,78.1406,104.016
16302760,78.6875,104.125,78.9531,104.172
16302800,78.625,104.125,78.7344,104.125
16302840,78.625,104.125,78.5938,104.125
16302880,78.375,104.125,78.625,104.125
16302922,78.4375,104.125,78.1875,104.125
16302962,78.5625,104.125,78.4848,104.125
16303002,78.5,104.125,78.6562,104.125
16303042,78.375,104.125,78.4531,104.125
16303082,78.375,104.125,78.2812,104.125
16303123,78.5625,104.125,78.375,104.125
16303163,78.5625,104.125,78.7031,104.125
16303203,78.3125,104.125,78.5625,104.125
16303243,78.375,104.125,78.125,104.125
16303283,78.5625,104.125,78.4219,104.125
16303323,78.375,104.125,78.7031,104.125
16303363,78.25,104.125,78.2344,104.125
16303403,78.375,104.125,78.1562,104.125
16303445,78.5625,104.125,78.4688,104.125
16303485,78.3125,104.062,78.6997,104.125
16303527,78.4375,104.062,78.125,104.016
16303567,78.625,104.125,78.529,104.062
16303607,78.375,104.125,78.7656,104.172
16303647,78.375,104.125,78.1875,104.125
16303688,78.375,104.062,78.375,104.125
16303728,78.5625,104.125,78.375,104.016
16303768,78.4375,104.062,78.7031,104.172
16303808,78.4375,104.062,78.3438,104.016
16303848,78.5,104.125,78.4375,104.062
16303888,78.5,104.125,78.5469,104.172
16303928,78.4375,104.125,78.5,104.125
16303968,78.5,104.062,78.3906,104.125
16304009,78.4375,104.062,78.5469,104.016
16304049,78.4375,104.062,78.3906,104.062
16304090,78.4375,104.062,78.4375,104.062
16304130,78.4375,104.062,78.4375,104.062
16304170,78.4375,104.062,78.4375,104.062
16304210,78.5,104.062,78.4375,104.062
16304250,78.4375,104.125,78.5469,104.062
16304291,78.4375,104.188,78.3906,104.172
16304331,78.5,104.188,78.4375,104.234
16304371,78.5,104.188,78.5469,104.188
16304411,78.5,104.188,78.5,104.188
16304451,78.5,104.188,78.5,104.188
16304491,78.5,104.188,78.5,104.188
16304532,78.5,104.188,78.5,104.188
16304572,78.4375,104.188,78.5,104.188
16304612,78.4375,104.25,78.3906,104.188
16304652,78.4375,104.25,78.4375,104.297
16304693,78.4375,104.25,78.4375,104.25
16304733,78.4375,104.25,78.4375,104.25
16304773,78.5,104.25,78.4375,104.25
16304813,78.5,104.25,78.5469,104.25
16304853,78.5,104.25,78.5,104.25
16304893,78.5,104.25,78.5,104.25
16304933,78.5,104.25,78.5,104.25
16304974,78.5,104.25,78.5,104.25
16305014,78.5,104.188,78.5,104.25
16305054,78.5,104.188,78.5,104.141
16305096,78.5,104.188,78.5,104.188
16305137,78.4375,104.188,78.5,104.188
16305177,78.4375,104.188,78.3906,104.188
16305217,78.5,104.188,78.4375,104.188
16305257,78.5,104.188,78.5469,104.188
16305297,78.5,104.25,78.5,104.188
16305337,78.5,104.25,78.5,104.297
16305379,78.5,104.25,78.5,104.25
16305419,78.5,104.188,78.5,104.25
16305459,78.5,104.188,78.5,104.141
16305499,78.5,104.188,78.5,104.188
16305539,78.5,104.125,78.5,104.188
16305580,78.4375,104.125,78.5,104.078
16305620,78.4375,104.125,78.3906,104.125
16305660,78.4375,104.125,78.4375,104.125
16305700,78.4375,104.125,78.4375,104.125
16305740,78.5,104.125,78.4375,104.125
16305780,78.5,104.125,78.5469,104.125
16305820,78.5,104.125,78.5,104.125
16305861,78.5,104.125,78.5,104.125
16305901,78.5,104.125,78.5,104.125
16305942,78.5,104.125,78.5,104.125
16305982,78.4375,104.125,78.5,104.125
16306022,78.5,104.125,78.3906,104.125
16306062,78.5,104.125,78.5469,104.125
16306102,78.5,104.125,78.5,104.125
16306142,78.5,104.188,78.5,104.125
16306182,78.5,104.188,78.5,104.234
16306223,78.5,104.188,78.5,104.188
16306263,78.5,104.188,78.5,104.188
16306303,78.5,104.188,78.5,104.188
16306343,78.5,104.188,78.5,104.188
16306383,78.4375,104.188,78.5,104.188
16306423,78.4375,104.188,78.3906,104.188
16306463,78.4375,104.188,78.4375,104.188
16306504,78.4375,104.125,78.4375,104.188
16306544,78.4375,104.125,78.4375,104.078
16306584,78.4375,104.188,78.4375,104.125
16306624,78.4375,104.188,78.4375,104.234
16306665,78.4375,104.188,78.4375,104.188
16306705,78.4375,104.188,78.4375,104.188
16306745,78.4375,104.188,78.4375,104.188
16306785,78.4375,104.188,78.4375,104.188
16306825,78.4375,104.188,78.4375,104.188
16306865,78.4375,104.25,78.4375,104.188
16306906,78.4375,104.125,78.4375,104.298
16306946,78.4375,104.125,78.4375,104.031
16306986,78.4375,104.125,78.4375,104.125
16307026,78.4375,104.125,78.4375,104.125
16307066,78.4375,104.125,78.4375,104.125
16307106,78.4375,104.125,78.4375,104.125
16307146,78.4375,104.125,78.4375,104.125
16307187,78.4375,104.125,78.4375,104.125
16307227,78.4375,104.125,78.4375,104.125
16307267,78.4375,104.125,78.4375,104.125
16307308,78.4375,104.125,78.4375,104.125
16307348,78.4375,104.125,78.4375,104.125
16307388,78.4375,104.125,78.4375,104.125
16307428,78.4375,104.188,78.4375,104.125
16307468,78.4375,104.188,78.4375,104.234
16307508,78.4375,104.188,78.4375,104.188
16307548,78.4375,104.188,78.4375,104.188
16307588,78.4375,104.188,78.4375,104.188
16307629,78.4375,104.188,78.4375,104.188
16307669,78.4375,104.188,78.4375,104.188
16307709,78.4375,104.188,78.4375,104.188
16307749,78.4375,104.188,78.4375,104.188
16307789,78.4375,104.188,78.4375,104.188
16307829,78.4375,104.125,78.4375,104.188
16307869,78.4375,104.062,78.4375,104.078
16307909,78.4375,104.062,78.4375,104.016
16307949,78.375,104.062,78.4375,104.062
16307990,78.4375,104.188,78.3281,104.062
16308030,78.4375,104.188,78.4844,104.281
16308070,78.4375,104.188,78.4375,104.188
16308110,78.4375,104.188,78.4375,104.188
16308150,78.4375,104.188,78.4375,104.188
16308190,78.4375,104.188,78.4375,104.188
16308230,78.4375,104.188,78.4375,104.188
16308270,78.4375,104.188,78.4375,104.188
16308311,78.4375,104.188,78.4375,104.188
16308351,78.4375,104.188,78.4375,104.188
16308392,78.375,104.188,78.4375,104.188
16308432,78.4375,104.188,78.3281,104.188
16308472,78.4375,104.188,78.4844,104.188
16308512,78.4375,104.188,78.4375,104.188
16308552,78.375,104.188,78.4375,104.188
16308593,78.375,104.188,78.3281,104.188
16308633,78.375,104.188,78.375,104.188
16308673,78.375,104.188,78.375,104.188
16308715,78.375,104.188,78.375,104.188
16308755,78.375,104.188,78.375,104.188
16308795,78.375,104.188,78.375,104.188
16308835,78.375,104.188,78.375,104.188
16308875,78.375,104.188,78.375,104.188
16308915,78.375,104.188,78.375,104.188
16308955,78.3125,104.188,78.375,104.188
16308996,78.375,104.188,78.2812,104.188
16309036,78.4375,104.188,78.4219,104.188
16309076,78.4375,104.062,78.4844,104.188
16309116,78.4375,104.062,78.4375,103.966
16309156,78.5,104.062,78.4375,104.062
16309196,78.4375,104.062,78.5469,104.062
16309236,78.4375,104.188,78.3906,104.062
16309276,78.5,104.188,78.4375,104.281
16309317,78.4375,104.188,78.5469,104.188
16309357,78.4375,104.188,78.3875,104.188
16309397,78.5,104.188,78.4375,104.188
16309437,78.5,104.188,78.5469,104.188
16309477,78.4375,104.188,78.5,104.188
16309517,78.4375,104.188,78.3906,104.188
16309557,78.4375,104.188,78.4375,104.188
16309597,78.4375,104.188,78.4375,104.188
16309638,78.4375,104.188,78.4375,104.188
16309678,78.4375,104.188,78.4375,104.188
16309718,78.4375,104.188,78.4375,104.188
16309759,78.4375,104.188,78.4375,104.188
16309799,78.4375,104.188,78.4375,104.188
16309839,78.4375,104.188,78.4375,104.188
16309879,78.4375,104.188,78.4375,104.188
16309919,78.4375,104.188,78.4375,104.188
16309961,78.4375,104.188,78.4375,104.188
16310001,78.375,104.188,78.4375