<?xml version="1.0" encoding="UTF-8"?>
<GenRun Id="synth_1" LaunchPart="xc7z020clg400-1" LaunchTime="1747123770" LaunchIncrCheckpoint="$PSRCDIR/utils_1/imports/synth_1/motor_control_SPI_wrapper.dcp">
  <File Type="REPORTS-TCL" Name="motor_control_SPI_wrapper_reports.tcl"/>
  <File Type="RDS-UTIL" Name="motor_control_SPI_wrapper_utilization_synth.rpt"/>
  <File Type="RDS-UTIL-PB" Name="motor_control_SPI_wrapper_utilization_synth.pb"/>
  <File Type="PA-TCL" Name="motor_control_SPI_wrapper.tcl"/>
  <File Type="RDS-RDS" Name="motor_control_SPI_wrapper.vds"/>
  <File Type="RDS-DCP" Name="motor_control_SPI_wrapper.dcp"/>
  <FileSet Name="sources" Type="DesignSrcs" RelSrcDir="$PSRCDIR/sources_1" RelGenDir="$PGENDIR/sources_1">
    <Filter Type="Srcs"/>
    <File Path="$PSRCDIR/sources_1/imports/new/DECODER_2x4.vhd">
      <FileInfo>
        <Attr Name="ImportPath" Val="$PPRDIR/../project_2/project_2.srcs/sources_1/new/DECODER_2x4.vhd"/>
        <Attr Name="ImportTime" Val="1740662681"/>
        <Attr Name="UsedIn" Val="synthesis"/>
        <Attr Name="UsedIn" Val="simulation"/>
      </FileInfo>
    </File>
    <File Path="$PSRCDIR/sources_1/imports/Downloads/d_latch.vhd">
      <FileInfo>
        <Attr Name="ImportPath" Val="$PPRDIR/../../../../Downloads/d_latch.vhd"/>
        <Attr Name="ImportTime" Val="1740051235"/>
        <Attr Name="UsedIn" Val="synthesis"/>
        <Attr Name="UsedIn" Val="simulation"/>
      </FileInfo>
    </File>
    <File Path="$PSRCDIR/sources_1/imports/new/OR_Gate.vhd">
      <FileInfo>
        <Attr Name="ImportPath" Val="$PPRDIR/../project_1/project_1.srcs/sources_1/new/OR_Gate.vhd"/>
        <Attr Name="ImportTime" Val="1738850763"/>
        <Attr Name="UsedIn" Val="synthesis"/>
        <Attr Name="UsedIn" Val="simulation"/>
      </FileInfo>
    </File>
    <File Path="$PSRCDIR/sources_1/imports/new/enabler.vhd">
      <FileInfo>
        <Attr Name="ImportPath" Val="$PPRDIR/../ass_2/ass_2.srcs/sources_1/new/enabler.vhd"/>
        <Attr Name="ImportTime" Val="1743024495"/>
        <Attr Name="UsedIn" Val="synthesis"/>
        <Attr Name="UsedIn" Val="simulation"/>
      </FileInfo>
    </File>
    <File Path="$PSRCDIR/sources_1/imports/new/NOT_Gate.vhd">
      <FileInfo>
        <Attr Name="ImportPath" Val="$PPRDIR/../project_1/project_1.srcs/sources_1/new/NOT_Gate.vhd"/>
        <Attr Name="ImportTime" Val="1740665956"/>
        <Attr Name="UsedIn" Val="synthesis"/>
        <Attr Name="UsedIn" Val="simulation"/>
      </FileInfo>
    </File>
    <File Path="$PSRCDIR/sources_1/imports/Downloads/multiplexer_2x1.vhd">
      <FileInfo>
        <Attr Name="ImportPath" Val="$PPRDIR/../../../../Downloads/multiplexer_2x1.vhd"/>
        <Attr Name="ImportTime" Val="1746534285"/>
        <Attr Name="UsedIn" Val="synthesis"/>
        <Attr Name="UsedIn" Val="simulation"/>
      </FileInfo>
    </File>
    <File Path="$PSRCDIR/sources_1/imports/aksel/OneDrive/Skrivebord/Digital Programmerbar/project_3/project_3.srcs/sources_1/new/counter.vhd">
      <FileInfo>
        <Attr Name="ImportPath" Val="$PPRDIR/../project_3/project_3.srcs/sources_1/new/counter.vhd"/>
        <Attr Name="ImportTime" Val="1741072602"/>
        <Attr Name="UsedIn" Val="synthesis"/>
        <Attr Name="UsedIn" Val="simulation"/>
      </FileInfo>
    </File>
    <File Path="$PSRCDIR/sources_1/new/OR_GATE_2_in.vhd">
      <FileInfo>
        <Attr Name="UsedIn" Val="synthesis"/>
        <Attr Name="UsedIn" Val="simulation"/>
      </FileInfo>
    </File>
    <File Path="$PSRCDIR/sources_1/new/delay.vhd">
      <FileInfo>
        <Attr Name="UsedIn" Val="synthesis"/>
        <Attr Name="UsedIn" Val="simulation"/>
      </FileInfo>
    </File>
    <File Path="$PSRCDIR/sources_1/bd/hall_sensor_home/hall_sensor_home.bd">
      <FileInfo>
        <Attr Name="UsedIn" Val="synthesis"/>
        <Attr Name="UsedIn" Val="implementation"/>
        <Attr Name="UsedIn" Val="simulation"/>
      </FileInfo>
    </File>
    <File Path="$PGENDIR/sources_1/bd/hall_sensor_home/hdl/hall_sensor_home_wrapper.vhd">
      <FileInfo>
        <Attr Name="UsedIn" Val="synthesis"/>
        <Attr Name="UsedIn" Val="simulation"/>
      </FileInfo>
    </File>
    <File Path="$PSRCDIR/sources_1/new/encoder_edgecheck.vhd">
      <FileInfo>
        <Attr Name="UsedIn" Val="synthesis"/>
        <Attr Name="UsedIn" Val="simulation"/>
      </FileInfo>
    </File>
    <File Path="$PSRCDIR/sources_1/bd/encoder_output/encoder_output.bd">
      <FileInfo>
        <Attr Name="UsedIn" Val="synthesis"/>
        <Attr Name="UsedIn" Val="implementation"/>
        <Attr Name="UsedIn" Val="simulation"/>
      </FileInfo>
    </File>
    <File Path="$PGENDIR/sources_1/bd/encoder_output/hdl/encoder_output_wrapper.vhd">
      <FileInfo>
        <Attr Name="UsedIn" Val="synthesis"/>
        <Attr Name="UsedIn" Val="simulation"/>
      </FileInfo>
    </File>
    <File Path="$PSRCDIR/sources_1/imports/Downloads/and_gate.vhd">
      <FileInfo>
        <Attr Name="ImportPath" Val="$PPRDIR/../../../../Downloads/and_gate.vhd"/>
        <Attr Name="ImportTime" Val="1747032277"/>
        <Attr Name="UsedIn" Val="synthesis"/>
        <Attr Name="UsedIn" Val="simulation"/>
      </FileInfo>
    </File>
    <File Path="$PSRCDIR/sources_1/imports/new/comparator_spi.vhd">
      <FileInfo>
        <Attr Name="ImportPath" Val="$PPRDIR/../../../../Downloads/semesterprojekt/semesterprojekt/semesterprojekt.srcs/sources_1/new/comparator_spi.vhd"/>
        <Attr Name="ImportTime" Val="1746516015"/>
        <Attr Name="UsedIn" Val="synthesis"/>
        <Attr Name="UsedIn" Val="simulation"/>
      </FileInfo>
    </File>
    <File Path="$PSRCDIR/sources_1/imports/new/counter_clock_divider.vhd">
      <FileInfo>
        <Attr Name="ImportPath" Val="$PPRDIR/../../../../Downloads/semesterprojekt/semesterprojekt/semesterprojekt.srcs/sources_1/new/counter_clock_divider.vhd"/>
        <Attr Name="ImportTime" Val="1746516015"/>
        <Attr Name="UsedIn" Val="synthesis"/>
        <Attr Name="UsedIn" Val="simulation"/>
      </FileInfo>
    </File>
    <File Path="$PSRCDIR/sources_1/imports/new/motor_control.vhd">
      <FileInfo>
        <Attr Name="ImportPath" Val="$PPRDIR/../../../../Downloads/semesterprojekt/semesterprojekt/semesterprojekt.srcs/sources_1/new/motor_control.vhd"/>
        <Attr Name="ImportTime" Val="1746516016"/>
        <Attr Name="UsedIn" Val="synthesis"/>
        <Attr Name="UsedIn" Val="simulation"/>
      </FileInfo>
    </File>
    <File Path="$PSRCDIR/sources_1/imports/new/counter.vhd">
      <FileInfo>
        <Attr Name="ImportPath" Val="$PPRDIR/../../../../Downloads/semesterprojekt/semesterprojekt/semesterprojekt.srcs/sources_1/imports/Digital_programmerbar_elektronik/lab3/lab3.srcs/sources_1/new/counter.vhd"/>
        <Attr Name="ImportTime" Val="1746516015"/>
        <Attr Name="UsedIn" Val="synthesis"/>
        <Attr Name="UsedIn" Val="simulation"/>
      </FileInfo>
    </File>
    <File Path="$PSRCDIR/sources_1/bd/motor_controller/motor_controller.bd">
      <FileInfo>
        <Attr Name="UsedIn" Val="synthesis"/>
        <Attr Name="UsedIn" Val="implementation"/>
        <Attr Name="UsedIn" Val="simulation"/>
      </FileInfo>
    </File>
    <File Path="$PGENDIR/sources_1/bd/motor_controller/hdl/motor_controller_wrapper.vhd">
      <FileInfo>
        <Attr Name="UsedIn" Val="synthesis"/>
        <Attr Name="UsedIn" Val="simulation"/>
      </FileInfo>
    </File>
    <File Path="$PSRCDIR/sources_1/imports/new/spi_slave.vhd">
      <FileInfo>
        <Attr Name="ImportPath" Val="$PPRDIR/../../../../Downloads/semesterprojekt/semesterprojekt/semesterprojekt.srcs/sources_1/new/spi_slave.vhd"/>
        <Attr Name="ImportTime" Val="1746516016"/>
        <Attr Name="UsedIn" Val="synthesis"/>
        <Attr Name="UsedIn" Val="simulation"/>
      </FileInfo>
    </File>
    <File Path="$PSRCDIR/sources_1/bd/motor_control_SPI/motor_control_SPI.bd">
      <FileInfo>
        <Attr Name="UsedIn" Val="synthesis"/>
        <Attr Name="UsedIn" Val="implementation"/>
        <Attr Name="UsedIn" Val="simulation"/>
      </FileInfo>
    </File>
    <File Path="$PGENDIR/sources_1/bd/motor_control_SPI/hdl/motor_control_SPI_wrapper.vhd">
      <FileInfo>
        <Attr Name="UsedIn" Val="synthesis"/>
        <Attr Name="UsedIn" Val="simulation"/>
      </FileInfo>
    </File>
    <File Path="$PSRCDIR/sources_1/imports/Downloads/clk_divider.vhd">
      <FileInfo>
        <Attr Name="AutoDisabled" Val="1"/>
        <Attr Name="ImportPath" Val="$PPRDIR/../../../../Downloads/clk_divider.vhd"/>
        <Attr Name="ImportTime" Val="1744374761"/>
        <Attr Name="UsedIn" Val="synthesis"/>
        <Attr Name="UsedIn" Val="simulation"/>
      </FileInfo>
    </File>
    <File Path="$PSRCDIR/sources_1/imports/Downloads/rx_mod_rtl.vhd">
      <FileInfo>
        <Attr Name="AutoDisabled" Val="1"/>
        <Attr Name="ImportPath" Val="$PPRDIR/../../../../Downloads/rx_mod_rtl.vhd"/>
        <Attr Name="ImportTime" Val="1745490516"/>
        <Attr Name="UsedIn" Val="synthesis"/>
        <Attr Name="UsedIn" Val="simulation"/>
      </FileInfo>
    </File>
    <File Path="$PSRCDIR/sources_1/imports/Downloads/tx_mod_fsm.vhd">
      <FileInfo>
        <Attr Name="AutoDisabled" Val="1"/>
        <Attr Name="ImportPath" Val="$PPRDIR/../../../../Downloads/tx_mod_fsm.vhd"/>
        <Attr Name="ImportTime" Val="1744374765"/>
        <Attr Name="UsedIn" Val="synthesis"/>
        <Attr Name="UsedIn" Val="simulation"/>
      </FileInfo>
    </File>
    <File Path="$PSRCDIR/sources_1/bd/UART_com/UART_com.bd">
      <FileInfo>
        <Attr Name="AutoDisabled" Val="1"/>
        <Attr Name="UsedIn" Val="synthesis"/>
        <Attr Name="UsedIn" Val="implementation"/>
        <Attr Name="UsedIn" Val="simulation"/>
      </FileInfo>
    </File>
    <File Path="$PGENDIR/sources_1/bd/UART_com/hdl/UART_com_wrapper.vhd">
      <FileInfo>
        <Attr Name="AutoDisabled" Val="1"/>
        <Attr Name="UsedIn" Val="synthesis"/>
        <Attr Name="UsedIn" Val="simulation"/>
      </FileInfo>
    </File>
    <Config>
      <Option Name="DesignMode" Val="RTL"/>
      <Option Name="TopModule" Val="motor_control_SPI_wrapper"/>
    </Config>
  </FileSet>
  <FileSet Name="constrs_in" Type="Constrs" RelSrcDir="$PSRCDIR/constrs_1" RelGenDir="$PGENDIR/constrs_1">
    <Filter Type="Constrs"/>
    <File Path="$PSRCDIR/constrs_1/imports/Downloads/Sem_project_constraint.xdc">
      <FileInfo>
        <Attr Name="ImportPath" Val="$PPRDIR/../../../../Downloads/Sem_project_constraint.xdc"/>
        <Attr Name="ImportTime" Val="1743344618"/>
        <Attr Name="UsedIn" Val="synthesis"/>
        <Attr Name="UsedIn" Val="implementation"/>
      </FileInfo>
    </File>
    <Config>
      <Option Name="ConstrsType" Val="XDC"/>
    </Config>
  </FileSet>
  <FileSet Name="utils" Type="Utils" RelSrcDir="$PSRCDIR/utils_1" RelGenDir="$PGENDIR/utils_1">
    <Filter Type="Utils"/>
    <File Path="$PSRCDIR/utils_1/imports/synth_1/motor_control_SPI_wrapper.dcp">
      <FileInfo>
        <Attr Name="UsedIn" Val="synthesis"/>
        <Attr Name="UsedIn" Val="implementation"/>
        <Attr Name="UsedInSteps" Val="synth_1"/>
        <Attr Name="AutoDcp" Val="1"/>
      </FileInfo>
    </File>
    <Config>
      <Option Name="TopAutoSet" Val="TRUE"/>
    </Config>
  </FileSet>
  <Strategy Version="1" Minor="2">
    <StratHandle Name="Vivado Synthesis Defaults" Flow="Vivado Synthesis 2024"/>
    <Step Id="synth_design"/>
  </Strategy>
  <BlockFileSet Type="BlockSrcs" Name="hall_sensor_home_OR_Gate_0_0"/>
  <BlockFileSet Type="BlockSrcs" Name="encoder_output_encoder_edgecheck_0_0"/>
  <BlockFileSet Type="BlockSrcs" Name="motor_controller_AND_Gate_1_0"/>
  <BlockFileSet Type="BlockSrcs" Name="UART_com_clk_divider_0_0"/>
  <BlockFileSet Type="BlockSrcs" Name="UART_com_rx_mod_0_0"/>
  <BlockFileSet Type="BlockSrcs" Name="hall_sensor_home_counter_0_0"/>
  <BlockFileSet Type="BlockSrcs" Name="hall_sensor_home_NOT_GATE_0_3"/>
  <BlockFileSet Type="BlockSrcs" Name="motor_controller_counter_clock_divider_0_0"/>
  <BlockFileSet Type="BlockSrcs" Name="motor_controller_AND_Gate_0_0"/>
  <BlockFileSet Type="BlockSrcs" Name="motor_control_SPI_motor_controller_wra_0_0"/>
  <BlockFileSet Type="BlockSrcs" Name="hall_sensor_home_multiplexer_2x1_0_1"/>
  <BlockFileSet Type="BlockSrcs" Name="encoder_output_multiplexer_2x1_0_0"/>
  <BlockFileSet Type="BlockSrcs" Name="hall_sensor_home_NOT_GATE_1_0"/>
  <BlockFileSet Type="BlockSrcs" Name="hall_sensor_home_NOT_GATE_2_0"/>
  <BlockFileSet Type="BlockSrcs" Name="motor_controller_motor_control_0_0"/>
  <BlockFileSet Type="BlockSrcs" Name="UART_com_d_latch_0_0"/>
  <BlockFileSet Type="BlockSrcs" Name="UART_com_tx_mod_0_0"/>
  <BlockFileSet Type="BlockSrcs" Name="motor_control_SPI_NOT_GATE_0_0"/>
  <BlockFileSet Type="BlockSrcs" Name="hall_sensor_home_OR_GATE_2_in_1_0"/>
  <BlockFileSet Type="BlockSrcs" Name="hall_sensor_home_OR_GATE_2_in_0_0"/>
  <BlockFileSet Type="BlockSrcs" Name="encoder_output_NOT_GATE_0_0"/>
  <BlockFileSet Type="BlockSrcs" Name="motor_control_SPI_multiplexer_2x1_0_0"/>
  <BlockFileSet Type="BlockSrcs" Name="motor_control_SPI_OR_GATE_2_in_0_0"/>
  <BlockFileSet Type="BlockSrcs" Name="hall_sensor_home_d_latch_0_0"/>
  <BlockFileSet Type="BlockSrcs" Name="hall_sensor_home_enabler_0_0"/>
  <BlockFileSet Type="BlockSrcs" Name="motor_controller_AND_Gate_2_0"/>
  <BlockFileSet Type="BlockSrcs" Name="encoder_output_encoder_edgecheck_1_0"/>
  <BlockFileSet Type="BlockSrcs" Name="hall_sensor_home_d_latch_1_0"/>
  <BlockFileSet Type="BlockSrcs" Name="hall_sensor_home_delay_0_0"/>
  <BlockFileSet Type="BlockSrcs" Name="encoder_output_counter_1_0"/>
  <BlockFileSet Type="BlockSrcs" Name="motor_controller_AND_Gate_3_0"/>
  <BlockFileSet Type="BlockSrcs" Name="motor_controller_comparator_spi_0_0"/>
  <BlockFileSet Type="BlockSrcs" Name="motor_controller_comparator_spi_1_0"/>
  <BlockFileSet Type="BlockSrcs" Name="motor_controller_counterPWM_0_0"/>
  <BlockFileSet Type="BlockSrcs" Name="motor_control_SPI_encoder_output_wrapp_0_0"/>
  <BlockFileSet Type="BlockSrcs" Name="motor_control_SPI_SPI_slave_0_0"/>
  <BlockFileSet Type="BlockSrcs" Name="motor_control_SPI_hall_sensor_home_wra_0_0"/>
  <BlockFileSet Type="BlockSrcs" Name="hall_sensor_home_DECODER_2x4_0_0"/>
</GenRun>
