<?xml version="1.0" encoding="UTF-8"?>
<GenRun Id="hall_sensor_home_OR_GATE_2_in_0_0_synth_1" LaunchPart="xc7z020clg400-1" LaunchTime="1747058329">
  <File Type="REPORTS-TCL" Name="hall_sensor_home_OR_GATE_2_in_0_0_reports.tcl"/>
  <File Type="RDS-UTIL" Name="hall_sensor_home_OR_GATE_2_in_0_0_utilization_synth.rpt"/>
  <File Type="RDS-UTIL-PB" Name="hall_sensor_home_OR_GATE_2_in_0_0_utilization_synth.pb"/>
  <File Type="PA-TCL" Name="hall_sensor_home_OR_GATE_2_in_0_0.tcl"/>
  <File Type="RDS-RDS" Name="hall_sensor_home_OR_GATE_2_in_0_0.vds"/>
  <File Type="RDS-DCP" Name="hall_sensor_home_OR_GATE_2_in_0_0.dcp"/>
  <FileSet Name="sources" Type="BlockSrcs" RelSrcDir="$PSRCDIR/hall_sensor_home_OR_GATE_2_in_0_0" RelGenDir="$PGENDIR/hall_sensor_home_OR_GATE_2_in_0_0">
    <File Path="$PSRCDIR/sources_1/bd/hall_sensor_home/ip/hall_sensor_home_OR_GATE_2_in_0_0/hall_sensor_home_OR_GATE_2_in_0_0.xci">
      <FileInfo>
        <Attr Name="Library" Val="xil_defaultlib"/>
        <Attr Name="UsedIn" Val="synthesis"/>
        <Attr Name="UsedIn" Val="implementation"/>
        <Attr Name="UsedIn" Val="simulation"/>
      </FileInfo>
    </File>
    <Config>
      <Option Name="TopModule" Val="hall_sensor_home_OR_GATE_2_in_0_0"/>
      <Option Name="UseBlackboxStub" Val="1"/>
    </Config>
  </FileSet>
  <FileSet Name="constrs_in" Type="BlockSrcs" RelSrcDir="$PSRCDIR/hall_sensor_home_OR_GATE_2_in_0_0" RelGenDir="$PGENDIR/hall_sensor_home_OR_GATE_2_in_0_0">
    <File Path="$PSRCDIR/sources_1/bd/hall_sensor_home/ip/hall_sensor_home_OR_GATE_2_in_0_0/hall_sensor_home_OR_GATE_2_in_0_0.xci">
      <FileInfo>
        <Attr Name="Library" Val="xil_defaultlib"/>
        <Attr Name="UsedIn" Val="synthesis"/>
        <Attr Name="UsedIn" Val="implementation"/>
        <Attr Name="UsedIn" Val="simulation"/>
      </FileInfo>
    </File>
    <Config>
      <Option Name="TopModule" Val="hall_sensor_home_OR_GATE_2_in_0_0"/>
      <Option Name="UseBlackboxStub" Val="1"/>
    </Config>
  </FileSet>
  <FileSet Name="utils" Type="Utils" RelSrcDir="$PSRCDIR/utils_1" RelGenDir="$PGENDIR/utils_1">
    <Filter Type="Utils"/>
    <File Path="$PSRCDIR/utils_1/imports/synth_1/motor_control_SPI_wrapper.dcp">
      <FileInfo>
        <Attr Name="UsedIn" Val="synthesis"/>
        <Attr Name="UsedIn" Val="implementation"/>
        <Attr Name="UsedInSteps" Val="synth_1"/>
        <Attr Name="AutoDcp" Val="1"/>
      </FileInfo>
    </File>
    <Config>
      <Option Name="TopAutoSet" Val="TRUE"/>
    </Config>
  </FileSet>
  <Strategy Version="1" Minor="2">
    <StratHandle Name="Vivado Synthesis Defaults" Flow="Vivado Synthesis 2024"/>
    <Step Id="synth_design"/>
  </Strategy>
</GenRun>
