<?xml version="1.0"?>
<Runs Version="1" Minor="0">
	<Run Id="encoder_output_multiplexer_2x1_0_0_synth_1" LaunchDir="C:/Users/aksel/OneDrive/Skrivebord/Digital Programmerbar/robotCom/robotCom.runs/encoder_output_multiplexer_2x1_0_0_synth_1" FlowId="Vivado_Synthesis" FromStepId="vivado" ToStepId="vivado"/>
	<Run Id="encoder_output_encoder_edgecheck_1_0_synth_1" LaunchDir="C:/Users/aksel/OneDrive/Skrivebord/Digital Programmerbar/robotCom/robotCom.runs/encoder_output_encoder_edgecheck_1_0_synth_1" FlowId="Vivado_Synthesis" FromStepId="vivado" ToStepId="vivado"/>
	<Run Id="encoder_output_encoder_edgecheck_0_0_synth_1" LaunchDir="C:/Users/aksel/OneDrive/Skrivebord/Digital Programmerbar/robotCom/robotCom.runs/encoder_output_encoder_edgecheck_0_0_synth_1" FlowId="Vivado_Synthesis" FromStepId="vivado" ToStepId="vivado"/>
	<Run Id="motor_controller_motor_control_0_0_synth_1" LaunchDir="C:/Users/aksel/OneDrive/Skrivebord/Digital Programmerbar/robotCom/robotCom.runs/motor_controller_motor_control_0_0_synth_1" FlowId="Vivado_Synthesis" FromStepId="vivado" ToStepId="vivado"/>
	<Run Id="motor_controller_comparator_spi_0_0_synth_1" LaunchDir="C:/Users/aksel/OneDrive/Skrivebord/Digital Programmerbar/robotCom/robotCom.runs/motor_controller_comparator_spi_0_0_synth_1" FlowId="Vivado_Synthesis" FromStepId="vivado" ToStepId="vivado"/>
	<Run Id="motor_controller_counterPWM_0_0_synth_1" LaunchDir="C:/Users/aksel/OneDrive/Skrivebord/Digital Programmerbar/robotCom/robotCom.runs/motor_controller_counterPWM_0_0_synth_1" FlowId="Vivado_Synthesis" FromStepId="vivado" ToStepId="vivado"/>
	<Run Id="motor_controller_comparator_spi_1_0_synth_1" LaunchDir="C:/Users/aksel/OneDrive/Skrivebord/Digital Programmerbar/robotCom/robotCom.runs/motor_controller_comparator_spi_1_0_synth_1" FlowId="Vivado_Synthesis" FromStepId="vivado" ToStepId="vivado"/>
	<Run Id="motor_control_spi_NOT_GATE_1_0_synth_1" LaunchDir="C:/Users/aksel/OneDrive/Skrivebord/Digital Programmerbar/robotCom/robotCom.runs/motor_control_spi_NOT_GATE_1_0_synth_1" FlowId="Vivado_Synthesis" FromStepId="vivado" ToStepId="vivado"/>
	<Run Id="motor_control_spi_SPI_slave_0_0_synth_1" LaunchDir="C:/Users/aksel/OneDrive/Skrivebord/Digital Programmerbar/robotCom/robotCom.runs/motor_control_spi_SPI_slave_0_0_synth_1" FlowId="Vivado_Synthesis" FromStepId="vivado" ToStepId="vivado"/>
	<Run Id="motor_control_spi_encoder_output_wrapp_0_0_synth_1" LaunchDir="C:/Users/aksel/OneDrive/Skrivebord/Digital Programmerbar/robotCom/robotCom.runs/motor_control_spi_encoder_output_wrapp_0_0_synth_1" FlowId="Vivado_Synthesis" FromStepId="vivado" ToStepId="vivado">
		<Parent Id="encoder_output_multiplexer_2x1_0_0_synth_1"/>
		<Parent Id="encoder_output_encoder_edgecheck_1_0_synth_1"/>
		<Parent Id="encoder_output_encoder_edgecheck_0_0_synth_1"/>
	</Run>
	<Run Id="motor_control_spi_motor_controller_wra_0_0_synth_1" LaunchDir="C:/Users/aksel/OneDrive/Skrivebord/Digital Programmerbar/robotCom/robotCom.runs/motor_control_spi_motor_controller_wra_0_0_synth_1" FlowId="Vivado_Synthesis" FromStepId="vivado" ToStepId="vivado">
		<Parent Id="motor_controller_motor_control_0_0_synth_1"/>
		<Parent Id="motor_controller_comparator_spi_0_0_synth_1"/>
		<Parent Id="motor_controller_counterPWM_0_0_synth_1"/>
		<Parent Id="motor_controller_comparator_spi_1_0_synth_1"/>
	</Run>
	<Parameters>
		<Parameter Name="runs.monitorLSFJobs" Val="true" Type="bool"/>
		<Parameter Name="runs.enableClusterConf" Val="true" Type="bool"/>
		<Parameter Name="general.shortenLongPath" Val="true" Type="bool"/>
	</Parameters>
	<ProductInfo Name="vivado"/>
</Runs>

