<?xml version="1.0"?>
<Runs Version="1" Minor="0">
	<Run Id="encoder_output_multiplexer_2x1_0_0_synth_1" LaunchDir="C:/Users/aksel/OneDrive/Skrivebord/DPE/robotCom/robotCom.runs/encoder_output_multiplexer_2x1_0_0_synth_1" FlowId="Vivado_Synthesis" FromStepId="vivado" ToStepId="vivado"/>
	<Run Id="encoder_output_encoder_edgecheck_1_0_synth_1" LaunchDir="C:/Users/aksel/OneDrive/Skrivebord/DPE/robotCom/robotCom.runs/encoder_output_encoder_edgecheck_1_0_synth_1" FlowId="Vivado_Synthesis" FromStepId="vivado" ToStepId="vivado"/>
	<Run Id="encoder_output_encoder_edgecheck_0_0_synth_1" LaunchDir="C:/Users/aksel/OneDrive/Skrivebord/DPE/robotCom/robotCom.runs/encoder_output_encoder_edgecheck_0_0_synth_1" FlowId="Vivado_Synthesis" FromStepId="vivado" ToStepId="vivado"/>
	<Run Id="encoder_output_counter_1_0_synth_1" LaunchDir="C:/Users/aksel/OneDrive/Skrivebord/DPE/robotCom/robotCom.runs/encoder_output_counter_1_0_synth_1" FlowId="Vivado_Synthesis" FromStepId="vivado" ToStepId="vivado"/>
	<Run Id="hall_sensor_home_d_latch_0_0_synth_1" LaunchDir="C:/Users/aksel/OneDrive/Skrivebord/DPE/robotCom/robotCom.runs/hall_sensor_home_d_latch_0_0_synth_1" FlowId="Vivado_Synthesis" FromStepId="vivado" ToStepId="vivado"/>
	<Run Id="hall_sensor_home_DECODER_2x4_0_0_synth_1" LaunchDir="C:/Users/aksel/OneDrive/Skrivebord/DPE/robotCom/robotCom.runs/hall_sensor_home_DECODER_2x4_0_0_synth_1" FlowId="Vivado_Synthesis" FromStepId="vivado" ToStepId="vivado"/>
	<Run Id="hall_sensor_home_enabler_0_0_synth_1" LaunchDir="C:/Users/aksel/OneDrive/Skrivebord/DPE/robotCom/robotCom.runs/hall_sensor_home_enabler_0_0_synth_1" FlowId="Vivado_Synthesis" FromStepId="vivado" ToStepId="vivado"/>
	<Run Id="hall_sensor_home_d_latch_1_0_synth_1" LaunchDir="C:/Users/aksel/OneDrive/Skrivebord/DPE/robotCom/robotCom.runs/hall_sensor_home_d_latch_1_0_synth_1" FlowId="Vivado_Synthesis" FromStepId="vivado" ToStepId="vivado"/>
	<Run Id="hall_sensor_home_delay_0_0_synth_1" LaunchDir="C:/Users/aksel/OneDrive/Skrivebord/DPE/robotCom/robotCom.runs/hall_sensor_home_delay_0_0_synth_1" FlowId="Vivado_Synthesis" FromStepId="vivado" ToStepId="vivado"/>
	<Run Id="hall_sensor_home_counter_0_0_synth_1" LaunchDir="C:/Users/aksel/OneDrive/Skrivebord/DPE/robotCom/robotCom.runs/hall_sensor_home_counter_0_0_synth_1" FlowId="Vivado_Synthesis" FromStepId="vivado" ToStepId="vivado"/>
	<Run Id="motor_controller_counter_clock_divider_0_0_synth_1" LaunchDir="C:/Users/aksel/OneDrive/Skrivebord/DPE/robotCom/robotCom.runs/motor_controller_counter_clock_divider_0_0_synth_1" FlowId="Vivado_Synthesis" FromStepId="vivado" ToStepId="vivado"/>
	<Run Id="motor_controller_motor_control_0_0_synth_1" LaunchDir="C:/Users/aksel/OneDrive/Skrivebord/DPE/robotCom/robotCom.runs/motor_controller_motor_control_0_0_synth_1" FlowId="Vivado_Synthesis" FromStepId="vivado" ToStepId="vivado"/>
	<Run Id="motor_controller_AND_Gate_3_0_synth_1" LaunchDir="C:/Users/aksel/OneDrive/Skrivebord/DPE/robotCom/robotCom.runs/motor_controller_AND_Gate_3_0_synth_1" FlowId="Vivado_Synthesis" FromStepId="vivado" ToStepId="vivado"/>
	<Run Id="motor_controller_AND_Gate_1_0_synth_1" LaunchDir="C:/Users/aksel/OneDrive/Skrivebord/DPE/robotCom/robotCom.runs/motor_controller_AND_Gate_1_0_synth_1" FlowId="Vivado_Synthesis" FromStepId="vivado" ToStepId="vivado"/>
	<Run Id="motor_controller_AND_Gate_2_0_synth_1" LaunchDir="C:/Users/aksel/OneDrive/Skrivebord/DPE/robotCom/robotCom.runs/motor_controller_AND_Gate_2_0_synth_1" FlowId="Vivado_Synthesis" FromStepId="vivado" ToStepId="vivado"/>
	<Run Id="motor_controller_AND_Gate_0_0_synth_1" LaunchDir="C:/Users/aksel/OneDrive/Skrivebord/DPE/robotCom/robotCom.runs/motor_controller_AND_Gate_0_0_synth_1" FlowId="Vivado_Synthesis" FromStepId="vivado" ToStepId="vivado"/>
	<Run Id="motor_controller_comparator_spi_0_0_synth_1" LaunchDir="C:/Users/aksel/OneDrive/Skrivebord/DPE/robotCom/robotCom.runs/motor_controller_comparator_spi_0_0_synth_1" FlowId="Vivado_Synthesis" FromStepId="vivado" ToStepId="vivado"/>
	<Run Id="motor_controller_comparator_spi_1_0_synth_1" LaunchDir="C:/Users/aksel/OneDrive/Skrivebord/DPE/robotCom/robotCom.runs/motor_controller_comparator_spi_1_0_synth_1" FlowId="Vivado_Synthesis" FromStepId="vivado" ToStepId="vivado"/>
	<Run Id="motor_controller_counterPWM_0_0_synth_1" LaunchDir="C:/Users/aksel/OneDrive/Skrivebord/DPE/robotCom/robotCom.runs/motor_controller_counterPWM_0_0_synth_1" FlowId="Vivado_Synthesis" FromStepId="vivado" ToStepId="vivado"/>
	<Run Id="motor_control_SPI_NOT_GATE_0_0_synth_1" LaunchDir="C:/Users/aksel/OneDrive/Skrivebord/DPE/robotCom/robotCom.runs/motor_control_SPI_NOT_GATE_0_0_synth_1" FlowId="Vivado_Synthesis" FromStepId="vivado" ToStepId="vivado"/>
	<Run Id="motor_control_SPI_OR_GATE_2_in_0_0_synth_1" LaunchDir="C:/Users/aksel/OneDrive/Skrivebord/DPE/robotCom/robotCom.runs/motor_control_SPI_OR_GATE_2_in_0_0_synth_1" FlowId="Vivado_Synthesis" FromStepId="vivado" ToStepId="vivado"/>
	<Run Id="motor_control_SPI_SPI_slave_0_0_synth_1" LaunchDir="C:/Users/aksel/OneDrive/Skrivebord/DPE/robotCom/robotCom.runs/motor_control_SPI_SPI_slave_0_0_synth_1" FlowId="Vivado_Synthesis" FromStepId="vivado" ToStepId="vivado"/>
	<Run Id="motor_control_SPI_encoder_output_wrapp_0_0_synth_1" LaunchDir="C:/Users/aksel/OneDrive/Skrivebord/DPE/robotCom/robotCom.runs/motor_control_SPI_encoder_output_wrapp_0_0_synth_1" FlowId="Vivado_Synthesis" FromStepId="vivado" ToStepId="vivado">
		<Parent Id="encoder_output_multiplexer_2x1_0_0_synth_1"/>
		<Parent Id="encoder_output_encoder_edgecheck_1_0_synth_1"/>
		<Parent Id="encoder_output_encoder_edgecheck_0_0_synth_1"/>
		<Parent Id="encoder_output_counter_1_0_synth_1"/>
	</Run>
	<Run Id="motor_control_SPI_hall_sensor_home_wra_0_0_synth_1" LaunchDir="C:/Users/aksel/OneDrive/Skrivebord/DPE/robotCom/robotCom.runs/motor_control_SPI_hall_sensor_home_wra_0_0_synth_1" FlowId="Vivado_Synthesis" FromStepId="vivado" ToStepId="vivado">
		<Parent Id="hall_sensor_home_d_latch_0_0_synth_1"/>
		<Parent Id="hall_sensor_home_DECODER_2x4_0_0_synth_1"/>
		<Parent Id="hall_sensor_home_enabler_0_0_synth_1"/>
		<Parent Id="hall_sensor_home_d_latch_1_0_synth_1"/>
		<Parent Id="hall_sensor_home_delay_0_0_synth_1"/>
		<Parent Id="hall_sensor_home_counter_0_0_synth_1"/>
	</Run>
	<Run Id="motor_control_SPI_motor_controller_wra_0_0_synth_1" LaunchDir="C:/Users/aksel/OneDrive/Skrivebord/DPE/robotCom/robotCom.runs/motor_control_SPI_motor_controller_wra_0_0_synth_1" FlowId="Vivado_Synthesis" FromStepId="vivado" ToStepId="vivado">
		<Parent Id="motor_controller_counter_clock_divider_0_0_synth_1"/>
		<Parent Id="motor_controller_motor_control_0_0_synth_1"/>
		<Parent Id="motor_controller_AND_Gate_3_0_synth_1"/>
		<Parent Id="motor_controller_AND_Gate_1_0_synth_1"/>
		<Parent Id="motor_controller_AND_Gate_2_0_synth_1"/>
		<Parent Id="motor_controller_AND_Gate_0_0_synth_1"/>
		<Parent Id="motor_controller_comparator_spi_0_0_synth_1"/>
		<Parent Id="motor_controller_comparator_spi_1_0_synth_1"/>
		<Parent Id="motor_controller_counterPWM_0_0_synth_1"/>
	</Run>
	<Run Id="motor_control_SPI_multiplexer_2x1_0_0_synth_1" LaunchDir="C:/Users/aksel/OneDrive/Skrivebord/DPE/robotCom/robotCom.runs/motor_control_SPI_multiplexer_2x1_0_0_synth_1" FlowId="Vivado_Synthesis" FromStepId="vivado" ToStepId="vivado"/>
	<Parameters>
		<Parameter Name="runs.monitorLSFJobs" Val="true" Type="bool"/>
		<Parameter Name="runs.enableClusterConf" Val="true" Type="bool"/>
		<Parameter Name="general.shortenLongPath" Val="true" Type="bool"/>
	</Parameters>
	<ProductInfo Name="vivado"/>
</Runs>

