<?xml version="1.0"?>
<Runs Version="1" Minor="0">
	<Run Id="motor_control_spi_rx_mod_0_2_synth_1" LaunchDir="C:/Users/aksel/OneDrive/Skrivebord/Digital Programmerbar/robotCom/robotCom.runs/motor_control_spi_rx_mod_0_2_synth_1" FlowId="Vivado_Synthesis" FromStepId="vivado" ToStepId="vivado"/>
	<Run Id="motor_control_spi_tx_mod_0_3_synth_1" LaunchDir="C:/Users/aksel/OneDrive/Skrivebord/Digital Programmerbar/robotCom/robotCom.runs/motor_control_spi_tx_mod_0_3_synth_1" FlowId="Vivado_Synthesis" FromStepId="vivado" ToStepId="vivado"/>
	<Run Id="motor_control_spi_clk_divider_0_3_synth_1" LaunchDir="C:/Users/aksel/OneDrive/Skrivebord/Digital Programmerbar/robotCom/robotCom.runs/motor_control_spi_clk_divider_0_3_synth_1" FlowId="Vivado_Synthesis" FromStepId="vivado" ToStepId="vivado"/>
	<Run Id="synth_1" LaunchDir="C:/Users/aksel/OneDrive/Skrivebord/Digital Programmerbar/robotCom/robotCom.runs/synth_1" FlowId="Vivado_Synthesis" FromStepId="vivado" ToStepId="vivado">
		<Parent Id="motor_control_spi_rx_mod_0_2_synth_1"/>
		<Parent Id="motor_control_spi_tx_mod_0_3_synth_1"/>
		<Parent Id="motor_control_spi_clk_divider_0_3_synth_1"/>
	</Run>
	<Run Id="impl_1" LaunchDir="C:/Users/aksel/OneDrive/Skrivebord/Digital Programmerbar/robotCom/robotCom.runs/impl_1" FlowId="Vivado_Implementation" FromStepId="init_design" ToStepId="write_bitstream">
		<Parent Id="synth_1"/>
		<Parent Id="motor_control_spi_rx_mod_0_2_synth_1"/>
		<Parent Id="motor_control_spi_tx_mod_0_3_synth_1"/>
		<Parent Id="motor_control_spi_clk_divider_0_3_synth_1"/>
	</Run>
	<Parameters>
		<Parameter Name="runs.monitorLSFJobs" Val="true" Type="bool"/>
		<Parameter Name="runs.enableClusterConf" Val="true" Type="bool"/>
		<Parameter Name="general.shortenLongPath" Val="true" Type="bool"/>
	</Parameters>
	<ProductInfo Name="vivado"/>
</Runs>

