<?xml version="1.0"?>
<Runs Version="1" Minor="0">
	<Run Id="hall_sensor_home_OR_Gate_0_0_synth_1" LaunchDir="C:/Users/aksel/OneDrive/Skrivebord/DPE/robotCom/robotCom.runs/hall_sensor_home_OR_Gate_0_0_synth_1" FlowId="Vivado_Synthesis" FromStepId="vivado" ToStepId="vivado"/>
	<Run Id="hall_sensor_home_multiplexer_2x1_0_1_synth_1" LaunchDir="C:/Users/aksel/OneDrive/Skrivebord/DPE/robotCom/robotCom.runs/hall_sensor_home_multiplexer_2x1_0_1_synth_1" FlowId="Vivado_Synthesis" FromStepId="vivado" ToStepId="vivado"/>
	<Run Id="hall_sensor_home_NOT_GATE_1_0_synth_1" LaunchDir="C:/Users/aksel/OneDrive/Skrivebord/DPE/robotCom/robotCom.runs/hall_sensor_home_NOT_GATE_1_0_synth_1" FlowId="Vivado_Synthesis" FromStepId="vivado" ToStepId="vivado"/>
	<Run Id="hall_sensor_home_NOT_GATE_2_0_synth_1" LaunchDir="C:/Users/aksel/OneDrive/Skrivebord/DPE/robotCom/robotCom.runs/hall_sensor_home_NOT_GATE_2_0_synth_1" FlowId="Vivado_Synthesis" FromStepId="vivado" ToStepId="vivado"/>
	<Run Id="hall_sensor_home_OR_GATE_2_in_0_0_synth_1" LaunchDir="C:/Users/aksel/OneDrive/Skrivebord/DPE/robotCom/robotCom.runs/hall_sensor_home_OR_GATE_2_in_0_0_synth_1" FlowId="Vivado_Synthesis" FromStepId="vivado" ToStepId="vivado"/>
	<Run Id="hall_sensor_home_d_latch_0_0_synth_1" LaunchDir="C:/Users/aksel/OneDrive/Skrivebord/DPE/robotCom/robotCom.runs/hall_sensor_home_d_latch_0_0_synth_1" FlowId="Vivado_Synthesis" FromStepId="vivado" ToStepId="vivado"/>
	<Run Id="hall_sensor_home_enabler_0_0_synth_1" LaunchDir="C:/Users/aksel/OneDrive/Skrivebord/DPE/robotCom/robotCom.runs/hall_sensor_home_enabler_0_0_synth_1" FlowId="Vivado_Synthesis" FromStepId="vivado" ToStepId="vivado"/>
	<Run Id="hall_sensor_home_d_latch_1_0_synth_1" LaunchDir="C:/Users/aksel/OneDrive/Skrivebord/DPE/robotCom/robotCom.runs/hall_sensor_home_d_latch_1_0_synth_1" FlowId="Vivado_Synthesis" FromStepId="vivado" ToStepId="vivado"/>
	<Run Id="hall_sensor_home_delay_0_0_synth_1" LaunchDir="C:/Users/aksel/OneDrive/Skrivebord/DPE/robotCom/robotCom.runs/hall_sensor_home_delay_0_0_synth_1" FlowId="Vivado_Synthesis" FromStepId="vivado" ToStepId="vivado"/>
	<Run Id="hall_sensor_home_counter_0_0_synth_1" LaunchDir="C:/Users/aksel/OneDrive/Skrivebord/DPE/robotCom/robotCom.runs/hall_sensor_home_counter_0_0_synth_1" FlowId="Vivado_Synthesis" FromStepId="vivado" ToStepId="vivado"/>
	<Run Id="hall_sensor_home_DECODER_2x4_0_0_synth_1" LaunchDir="C:/Users/aksel/OneDrive/Skrivebord/DPE/robotCom/robotCom.runs/hall_sensor_home_DECODER_2x4_0_0_synth_1" FlowId="Vivado_Synthesis" FromStepId="vivado" ToStepId="vivado"/>
	<Run Id="motor_control_SPI_hall_sensor_home_wra_0_0_synth_1" LaunchDir="C:/Users/aksel/OneDrive/Skrivebord/DPE/robotCom/robotCom.runs/motor_control_SPI_hall_sensor_home_wra_0_0_synth_1" FlowId="Vivado_Synthesis" FromStepId="vivado" ToStepId="vivado">
		<Parent Id="hall_sensor_home_OR_Gate_0_0_synth_1"/>
		<Parent Id="hall_sensor_home_multiplexer_2x1_0_1_synth_1"/>
		<Parent Id="hall_sensor_home_NOT_GATE_1_0_synth_1"/>
		<Parent Id="hall_sensor_home_NOT_GATE_2_0_synth_1"/>
		<Parent Id="hall_sensor_home_OR_GATE_2_in_0_0_synth_1"/>
		<Parent Id="hall_sensor_home_d_latch_0_0_synth_1"/>
		<Parent Id="hall_sensor_home_enabler_0_0_synth_1"/>
		<Parent Id="hall_sensor_home_d_latch_1_0_synth_1"/>
		<Parent Id="hall_sensor_home_delay_0_0_synth_1"/>
		<Parent Id="hall_sensor_home_counter_0_0_synth_1"/>
		<Parent Id="hall_sensor_home_DECODER_2x4_0_0_synth_1"/>
	</Run>
	<Run Id="synth_1" LaunchDir="C:/Users/aksel/OneDrive/Skrivebord/DPE/robotCom/robotCom.runs/synth_1" FlowId="Vivado_Synthesis" FromStepId="vivado" ToStepId="vivado">
		<Parent Id="hall_sensor_home_OR_Gate_0_0_synth_1"/>
		<Parent Id="hall_sensor_home_multiplexer_2x1_0_1_synth_1"/>
		<Parent Id="hall_sensor_home_NOT_GATE_1_0_synth_1"/>
		<Parent Id="hall_sensor_home_NOT_GATE_2_0_synth_1"/>
		<Parent Id="hall_sensor_home_OR_GATE_2_in_0_0_synth_1"/>
		<Parent Id="hall_sensor_home_d_latch_0_0_synth_1"/>
		<Parent Id="hall_sensor_home_enabler_0_0_synth_1"/>
		<Parent Id="hall_sensor_home_d_latch_1_0_synth_1"/>
		<Parent Id="hall_sensor_home_delay_0_0_synth_1"/>
		<Parent Id="hall_sensor_home_counter_0_0_synth_1"/>
		<Parent Id="hall_sensor_home_DECODER_2x4_0_0_synth_1"/>
		<Parent Id="motor_control_SPI_hall_sensor_home_wra_0_0_synth_1"/>
	</Run>
	<Run Id="impl_1" LaunchDir="C:/Users/aksel/OneDrive/Skrivebord/DPE/robotCom/robotCom.runs/impl_1" FlowId="Vivado_Implementation" FromStepId="init_design" ToStepId="write_bitstream">
		<Parent Id="synth_1"/>
		<Parent Id="hall_sensor_home_OR_Gate_0_0_synth_1"/>
		<Parent Id="hall_sensor_home_multiplexer_2x1_0_1_synth_1"/>
		<Parent Id="hall_sensor_home_NOT_GATE_1_0_synth_1"/>
		<Parent Id="hall_sensor_home_NOT_GATE_2_0_synth_1"/>
		<Parent Id="hall_sensor_home_OR_GATE_2_in_0_0_synth_1"/>
		<Parent Id="hall_sensor_home_d_latch_0_0_synth_1"/>
		<Parent Id="hall_sensor_home_enabler_0_0_synth_1"/>
		<Parent Id="hall_sensor_home_d_latch_1_0_synth_1"/>
		<Parent Id="hall_sensor_home_delay_0_0_synth_1"/>
		<Parent Id="hall_sensor_home_counter_0_0_synth_1"/>
		<Parent Id="hall_sensor_home_DECODER_2x4_0_0_synth_1"/>
		<Parent Id="motor_control_SPI_hall_sensor_home_wra_0_0_synth_1"/>
	</Run>
	<Parameters>
		<Parameter Name="runs.monitorLSFJobs" Val="true" Type="bool"/>
		<Parameter Name="runs.enableClusterConf" Val="true" Type="bool"/>
		<Parameter Name="general.shortenLongPath" Val="true" Type="bool"/>
	</Parameters>
	<ProductInfo Name="vivado"/>
</Runs>

